Domain,Location on Site,Software,Members,Posts,Threads,Forum Detected
2r-forums.com,2r-forums.com,YaBB,5,6,5,Yes
420blazeit.xyz,forum.420blazeit.xyz,YaBB,-1,-1,-1,Yes
banhungcagiunuoc.vn,forum.banhungcagiunuoc.vn,YaBB,-1,-1,-1,Yes
bestgamblingforums.com,bestgamblingforums.com,YaBB,-1,-1,-1,Yes
bettereducation.com.au,bettereducation.com.au,YaBB,-1,-1,-1,Yes
bf30.se,bf30.se,YaBB,-1,-1,-1,Yes
biznas.com,biznas.com,YaBB,50486,203205,173933,Yes
bluelemonmedia.com,ekonew.bluelemonmedia.com,YaBB,-1,-1,-1,Yes
brewhausforum.com,brewhausforum.com,YaBB,-1,-1,-1,Yes
bs4u.vn,forum.bs4u.vn,YaBB,1270,2283,2091,Yes
buzzfantasygolf.com,forums.buzzfantasygolf.com,YaBB,29532,578,246,Yes
bystrometiz.ru,forum.bystrometiz.ru,YaBB,0,0,0,No
carcenteronline.com,forum.carcenteronline.com,YaBB,39,272,239,Yes
carpha.org,forum.carpha.org,YaBB,-1,-1,-1,Yes
citydriftersgraz.at,forum.citydriftersgraz.at,YaBB,0,0,0,No
civiltech.gr,civiltech.gr,YaBB,-1,-1,-1,Yes
cnclabs.com,cnclabs.com,YaBB,-1,-1,-1,Yes
coatingspromag.com,coatingspromag.com,YaBB,-1,-1,-1,Yes
coject.space,coject.space,YaBB,0,0,0,No
congdongitviet.com,congdongitviet.com,YaBB,0,0,0,No
coventryinforsyth.com,coventryinforsyth.com,YaBB,-1,-1,-1,Yes
cvofbradenton.com,cvofbradenton.com,YaBB,0,0,0,No
cwf-fcf.org,board.cwf-fcf.org,YaBB,0,0,0,No
knowledge-sphere.com,knowledge-sphere.com,YaBB,0,0,0,No
netal.com,support.netal.com,YaBB,-1,-1,-1,Yes
neworderonline.com,forums.neworderonline.com,YaBB,2155,34709,2798,Yes
ngm.eu,forum.ngm.eu,YaBB,10403,12710,3422,Yes
ngmitalia.it,forum.ngmitalia.it,YaBB,10403,12710,3422,Yes
nregsmp.org,forum.nregsmp.org,YaBB,0,0,0,No
nullify.net,forum.nullify.net,YaBB,-1,-1,-1,Yes
officeclip.com,forum.officeclip.com,YaBB,-1,-1,-1,Yes
officeclip.com,officeclip.com,YaBB,-1,-1,-1,Yes
tag-knowledge.com,forum.tag-knowledge.com,YaBB,0,0,0,No
talkingstamps.com,talkingstamps.com,YaBB,62,798,152,Yes
taxirates.ca,forum.taxirates.ca,YaBB,-1,-1,-1,Yes
taxis-hub.com,forum.taxis-hub.com,YaBB,-1,-1,-1,Yes
thefreedictionary.com,forum.thefreedictionary.com,YaBB,-1,-1,-1,Yes
thehackerwithin.com,forum.thehackerwithin.com,YaBB,2285,7996,979,Yes
tht.org.uk,forum.tht.org.uk,YaBB,-1,-1,-1,Yes
tht.org.uk,myhiv.tht.org.uk,YaBB,0,0,0,No
ticks.dk,ticks.dk,YaBB,0,0,0,No
tkaraoke.com,oldforum.tkaraoke.com,YaBB,-1,-1,-1,Yes
trainzdevteam.ru,forum.trainzdevteam.ru,YaBB,0,0,0,No
ibox.ie,forums.ibox.ie,YaBB,-1,-1,-1,Yes
ihealthnetworks.com,forum.ihealthnetworks.com,YaBB,-1,-1,-1,Yes
ikbenbio.org,forum.ikbenbio.org,YaBB,-1,-1,-1,Yes
infosys.it,comuneviolaforum.infosys.it,YaBB,2,1,1,Yes
intanibase.com,intanibase.com,YaBB,-1,-1,-1,Yes
intrix.at,swipe.intrix.at,YaBB,0,0,0,No
invernesscc.co.uk,forum.invernesscc.co.uk,YaBB,421,14033,1900,Yes
iosh.co.uk,forum.iosh.co.uk,YaBB,90683,506649,72290,Yes
ipi.org.uk,forum.ipi.org.uk,YaBB,5,3,1,Yes
itsco.de,forum.itsco.de,YaBB,-1,-1,-1,Yes
jampersonals.com,forum.jampersonals.com,YaBB,0,0,0,No
joaquinphoenix.com,joaquinphoenix.com,YaBB,376,9014,2195,Yes
justyou.co.uk,forum.justyou.co.uk,YaBB,-1,-1,-1,Yes
sapropertynetwork.com,forum.sapropertynetwork.com,YaBB,-1,-1,-1,Yes
scrubdnc.net,scrubdnc.net,YaBB,-1,-1,-1,Yes
secretcity.de,forums.secretcity.de,YaBB,-1,-1,-1,Yes
sienn.com,forum.sienn.com,YaBB,18,443,238,Yes
silveradoss.net,silveradoss.net,YaBB,326,616,116,Yes
sircles.net,forum.sircles.net,YaBB,-1,-1,-1,Yes
skyron-staging.co.uk,bloomsbury-test-forum.skyron-staging.co.uk,YaBB,-1,-1,-1,Yes
songofsongs.co.uk,forum.songofsongs.co.uk,YaBB,-1,-1,-1,Yes
spielraum.co.at,inside.spielraum.co.at,YaBB,0,0,0,No
squirrel-lang.org,forum.squirrel-lang.org,YaBB,-1,-1,-1,Yes
sta4.net,staforum.sta4.net,YaBB,-1,-1,-1,Yes
sta4.net,forum.sta4.net,YaBB,-1,-1,-1,Yes
stratalisgroup.com,valetailingsforum.stratalisgroup.com,YaBB,0,0,0,No
strokesplus.net,forum.strokesplus.net,YaBB,1308,3143,540,Yes
summarypro.co.uk,forum.summarypro.co.uk,YaBB,0,0,0,No
swoopware.com,swoopware.com,YaBB,-1,-1,-1,Yes
swoopware.com,forum.swoopware.com,YaBB,-1,-1,-1,Yes
syzefxis.gov.gr,forum.syzefxis.gov.gr,YaBB,0,0,0,No
syzefxis.gov.gr,forums.syzefxis.gov.gr,YaBB,-1,-1,-1,Yes
vansrvclub.com,vansrvclub.com,YaBB,6,15,13,Yes
vansrvclub.net,vansrvclub.net,YaBB,6,15,13,Yes
vansstickandrudder.net,vansstickandrudder.net,YaBB,6,15,13,Yes
vgkforums.com,vgkforums.com,YaBB,11,59,44,Yes
vietbao.com,phovui.vietbao.com,YaBB,-1,-1,-1,Yes
vietbao.com,phorum.vietbao.com,YaBB,-1,-1,-1,Yes
vietbao.com,forum.vietbao.com,YaBB,0,0,0,No
vietbao.com,forums.vietbao.com,YaBB,0,0,0,No
vmix.com,forums.vmix.com,YaBB,21686,88976,19167,Yes
vwelt.com,vwelt.com,YaBB,-1,-1,-1,Yes
dartsby.org,forum.dartsby.org,YaBB,-1,-1,-1,Yes
daviation.co.za,forum.daviation.co.za,YaBB,-1,-1,-1,Yes
deagostini.co.uk,forum.deagostini.co.uk,YaBB,0,0,0,No
deagostini.de,forum.deagostini.de,YaBB,0,0,0,No
deagostini.it,forum.deagostini.it,YaBB,-1,-1,-1,Yes
deagostini.us,forum.deagostini.us,YaBB,0,0,0,No
deltaengine.net,forum.deltaengine.net,YaBB,7209,4176,610,Yes
dentalwriter.com,dentalwriter.com,YaBB,-1,-1,-1,Yes
dhb-scripting.com,dhb-scripting.com,YaBB,0,0,0,No
dhsdiecast.com,forums.dhsdiecast.com,YaBB,-1,-1,-1,Yes
dhsdiecast.com,forum.dhsdiecast.com,YaBB,-1,-1,-1,Yes
dicautil.com,dicautil.com,YaBB,-1,-1,-1,Yes
diendanhoadondientu.com,diendanhoadondientu.com,YaBB,0,0,0,No
digitalfarm.it,forum.digitalfarm.it,YaBB,0,0,0,No
digitaltools.com,forum.digitaltools.com,YaBB,120,94,38,Yes
dok-forum.de,dok-forum.de,YaBB,-1,-1,-1,Yes
habfans.com,habfans.com,YaBB,0,0,0,No
heavenlymarriage.org,boards.heavenlymarriage.org,YaBB,0,0,0,No
hificritic.com,forum.hificritic.com,YaBB,1888,23125,1493,Yes
hike.co.il,hike.co.il,YaBB,0,0,0,No
hosenose.com,hosenose.com,YaBB,-1,-1,-1,Yes
hostingfest.com,forums.hostingfest.com,YaBB,756,1507,326,Yes
hostingfest.com,forum.hostingfest.com,YaBB,756,1507,326,Yes
hoylegaming.net,forum.hoylegaming.net,YaBB,0,0,0,No
hyperracing.com,forum.hyperracing.com,YaBB,0,0,0,No
hyundaiowner.com,hyundaiowner.com,YaBB,-1,-1,-1,Yes
landofcash.net,forex-forum.landofcash.net,YaBB,-1,-1,-1,Yes
letscode.in,letscode.in,YaBB,0,0,0,No
lifeintheuk.org,forums.lifeintheuk.org,YaBB,5,6202,2117,Yes
littlekrazy.com,forum.littlekrazy.com,YaBB,0,0,0,No
raahauge.com,skifte.raahauge.com,YaBB,0,0,0,No
rawsharktexts.com,rawsharktexts.com,YaBB,-1,-1,-1,Yes
rugrag.com,forum.rugrag.com,YaBB,-1,-1,-1,Yes
ukdesichat.com,ukdesichat.com,YaBB,435,1349,1223,Yes
unitedskeptics.com,unitedskeptics.com,YaBB,0,0,0,No
utherverse.com,forums.utherverse.com,YaBB,0,0,0,No
utherverse.com,qaforums.utherverse.com,YaBB,-1,-1,-1,Yes
zerys.com,writerforum.zerys.com,YaBB,-1,-1,-1,Yes
zerys.com,agencyforum.zerys.com,YaBB,-1,-1,-1,Yes
fastlane.com.au,fastlane.com.au,YaBB,-1,-1,-1,Yes
federalsoup.com,forum.federalsoup.com,YaBB,0,0,0,No
fixsus.be,forum.fixsus.be,YaBB,-1,-1,-1,Yes
forumvirtuellewelten.de,forumvirtuellewelten.de,YaBB,-1,-1,-1,Yes
fotosofia.info,forum.fotosofia.info,YaBB,28912,6003,1035,Yes
funtoyclub.com,forum.funtoyclub.com,YaBB,0,0,0,No
furh.me,furh.me,YaBB,-1,-1,-1,Yes
gamedb.eu,forum.gamedb.eu,YaBB,-1,-1,-1,Yes
geniusconnect.com,support.geniusconnect.com,YaBB,-1,-1,-1,Yes
georef.com,forum.georef.com,YaBB,-1,-1,-1,Yes
glit-kmu-software.ch,glit-kmu-software.ch,YaBB,-1,-1,-1,Yes
gotocoin.com,gotocoin.com,YaBB,28,152,21,Yes
grsk-forum.org,grsk-forum.org,YaBB,-1,-1,-1,Yes
grskforum.org,grskforum.org,YaBB,-1,-1,-1,Yes
packershome.com,packershome.com,YaBB,-1,-1,-1,Yes
packsynergy.de,forum.packsynergy.de,YaBB,0,0,0,No
paraversume.com,forums.paraversume.com,YaBB,-1,-1,-1,Yes
parkerseal.org.uk,parkerseal.org.uk,YaBB,-1,-1,-1,Yes
patagames.com,forum.patagames.com,YaBB,640,2260,813,Yes
paxton-access.com,forum.paxton-access.com,YaBB,-1,-1,-1,Yes
pdforyou.com,pdforyou.com,YaBB,0,0,0,No
pferdeforum.ch,pferdeforum.ch,YaBB,12,58839,2783,Yes
phunuviet.org,forum.phunuviet.org,YaBB,-1,-1,-1,Yes
phunuviet.org,diendan.phunuviet.org,YaBB,0,0,0,No
pitechniques.com,kb.pitechniques.com,YaBB,42,37,31,Yes
pokerprolabs.com,forum.pokerprolabs.com,YaBB,-1,-1,-1,Yes
pre67vw.com,forums.pre67vw.com,YaBB,-1,-1,-1,Yes
punchcad.com,forum.punchcad.com,YaBB,3926,39611,7942,Yes
punchcad.com,forums.punchcad.com,YaBB,3926,39611,7942,Yes
punchsoftware.com,forums.punchsoftware.com,YaBB,89697,12678,4126,Yes
quahill.com,forum.quahill.com,YaBB,0,0,0,No
quaivatdienanh.com,forum.quaivatdienanh.com,YaBB,-1,-1,-1,Yes
quampus.com,forum.quampus.com,YaBB,2950,55,47,Yes
wazua.co.ke,wazua.co.ke,YaBB,0,0,0,No
wazua.com,wazua.com,YaBB,0,0,0,No
wealthmagik.com,forum.wealthmagik.com,YaBB,-1,-1,-1,Yes
wheelspoking.com,forum.wheelspoking.com,YaBB,0,0,0,No
wildfloweratwallkill.com,wildfloweratwallkill.com,YaBB,0,0,0,No
woodworkingteachers.com,woodworkingteachers.com,YaBB,-1,-1,-1,Yes
xn--begleitforschung-stadtumbau-thringen-70d.de,forum.xn--begleitforschung-stadtumbau-thringen-70d.de,YaBB,-1,-1,-1,Yes
yadayah.com,forum.yadayah.com,YaBB,4361,26279,2986,Yes
yadayahweh.com,forum.yadayahweh.com,YaBB,4361,26279,2986,Yes
yetanotherforum.net,yetanotherforum.net,YaBB,-1,-1,-1,Yes
ygopro.co,ygopro.co,YaBB,-1,-1,-1,Yes
ablecommerce.com,ablecommerce.com,YaBB,-1,-1,-1,Yes
adultcoupling.com,adultcoupling.com,YaBB,17,1,1,Yes
aiodmemberportal.com,forum.aiodmemberportal.com,YaBB,551,5,4,Yes
aiutamici.com,forum.aiutamici.com,YaBB,-1,-1,-1,Yes
amateurradioclub.net,amateurradioclub.net,YaBB,0,0,0,No
americommercecommunity.com,americommercecommunity.com,YaBB,2,0,0,Yes
aop.org.uk,community.aop.org.uk,YaBB,-1,-1,-1,Yes
aop.org.uk,uat-community.aop.org.uk,YaBB,0,0,0,No
apk4win.com,apk4win.com,YaBB,-1,-1,-1,Yes
appliancepartspros.com,forum.appliancepartspros.com,YaBB,-1,-1,-1,Yes
arcaderestoration.com,forums.arcaderestoration.com,YaBB,277,4308,540,Yes
asteriskusers.be,asteriskusers.be,YaBB,17,12,10,Yes
astrotreff-deep-sky.de,astrotreff-deep-sky.de,YaBB,0,0,0,No
atvdrumsforum.com,atvdrumsforum.com,YaBB,0,0,0,No
aurigma.com,forums.aurigma.com,YaBB,10039,18744,4690,Yes
ea.im,forums.ea.im,YaBB,0,0,0,No
egritosgroup.gr,forum.egritosgroup.gr,YaBB,0,0,0,No
elevatorshoes.info,elevatorshoes.info,YaBB,-1,-1,-1,Yes
embrio.io,embrio.io,YaBB,0,0,0,No
eofficemedvnu.edu.vn,eofficemedvnu.edu.vn,YaBB,-1,-1,-1,Yes
euronudist.eu,euronudist.eu,YaBB,-1,-1,-1,Yes
eyepluslens.com,eyepluslens.com,YaBB,0,0,0,No
madewithweb.com,42ndstreetyaf.madewithweb.com,YaBB,-1,-1,-1,Yes
manictime.com,forum.manictime.com,YaBB,-1,-1,-1,Yes
marklin-users.net,marklin-users.net,YaBB,-1,-1,-1,Yes
mastersofthemat.com,forums.mastersofthemat.com,YaBB,-1,-1,-1,Yes
mdsp.org,forum.mdsp.org,YaBB,0,0,0,No
melongaming.com,forum.melongaming.com,YaBB,0,0,0,No
meraview.com,meraview.com,YaBB,0,0,0,No
metastock.com,forum.metastock.com,YaBB,-1,-1,-1,Yes
mgs-on-track.com,forum.mgs-on-track.com,YaBB,0,0,0,No
model-space.com,forum.model-space.com,YaBB,-1,-1,-1,Yes
model-space.com,forum.us.model-space.com,YaBB,0,0,0,No
monitoring.bg,forum.monitoring.bg,YaBB,-1,-1,-1,Yes
muahangthue.us,forum.muahangthue.us,YaBB,-1,-1,-1,Yes
muslimbasketball.org,muslimbasketball.org,YaBB,-1,-1,-1,Yes
muzecast.com,forum.muzecast.com,YaBB,0,0,0,No
muzecast.com,auth.muzecast.com,YaBB,-1,-1,-1,Yes
my-ems.net,cascforum.my-ems.net,YaBB,-1,-1,-1,Yes
my-ems.net,coreforum.my-ems.net,YaBB,0,0,0,No
myfoottalk.com,myfoottalk.com,YaBB,0,0,0,No
1312.nu,1312.nu,XMB,-1,-1,-1,Yes
bajanomad.com,forums.bajanomad.com,XMB,11395,1089879,80355,Yes
bestofbaja.com,bestofbaja.com,XMB,11395,1089879,80355,Yes
bezdelikas.mobi,bezdelikas.mobi,XMB,0,0,0,No
butovo.com,forum.butovo.com,XMB,0,0,0,No
cieplodlawarszawy.pl,cieplodlawarszawy.pl,XMB,65,34,12,Yes
club-k.co.nz,club-k.co.nz,XMB,0,0,0,No
kapuhaireef.net,kapuhaireef.net,XMB,-1,-1,-1,Yes
kristalusers.net,kristalusers.net,XMB,-1,-1,-1,Yes
kylm.net,1xf.kylm.net,XMB,1109,32143,1520,Yes
nr1a.com,forum.nr1a.com,XMB,95,4,13,Yes
nr1a.com,board.nr1a.com,XMB,-1,-1,-1,Yes
oostwest-thuisbest.nl,oostwest-thuisbest.nl,XMB,0,0,0,No
osoboedetstvo.ru,osoboedetstvo.ru,XMB,0,0,0,No
tcg-exposure.org,tcg-exposure.org,XMB,0,0,0,No
tercelonline.com,tercelonline.com,XMB,-1,-1,-1,Yes
thesheeplespen.com,thesheeplespen.com,XMB,-1,-1,-1,Yes
thomas-heydel.de,forum.thomas-heydel.de,XMB,78,21,5,Yes
tipsklub.de,tipsklub.de,XMB,21,78,3,Yes
tomprek.scot,tomprek.scot,XMB,47,52,11,Yes
trconnection.com,forum.trconnection.com,XMB,-1,-1,-1,Yes
tresmancias.com,forum.tresmancias.com,XMB,0,0,0,No
i20k.com,html5game.i20k.com,XMB,-1,-1,-1,Yes
idra.it,zerouno.idra.it,XMB,13,16,11,Yes
imarobot.net,imarobot.net,XMB,4538,85291,5615,Yes
islape.com,xmb.islape.com,XMB,-1,-1,-1,Yes
slotracinglemans.com,slotracinglemans.com,XMB,0,0,0,No
solbu.net,forum.solbu.net,XMB,284,28173,2273,Yes
dfreload.com,dfreload.com,XMB,-1,-1,-1,Yes
div-arena.co.uk,div-arena.co.uk,XMB,-1,-1,-1,Yes
dlteh.net,dlteh.net,XMB,29,70,13,Yes
domeinforum.nl,domeinforum.nl,XMB,0,0,0,No
domeinprofs.nl,domeinprofs.nl,XMB,-1,-1,-1,Yes
drunkpunch.me,x.drunkpunch.me,XMB,17,82,12,Yes
highlandponyenthusiasts.co.uk,forum.highlandponyenthusiasts.co.uk,XMB,329,513521,40814,Yes
level-sex.com,forum.level-sex.com,XMB,-1,-1,-1,Yes
locostbuilders.co.uk,locostbuilders.co.uk,XMB,-1,-1,-1,Yes
lottos.com.au,lottos.com.au,XMB,-1,-1,-1,Yes
ray.st,api.preview.ray.st,XMB,-1,-1,-1,Yes
ursb.de,pad.ursb.de,XMB,0,0,0,No
zenhex.com,zenhex.com,XMB,95,4,13,Yes
znie.de,pb2.znie.de,XMB,21,78,3,Yes
film-shorts.tv,wpress.cfonseca160.film-shorts.tv,XMB,0,0,0,No
film-shorts.tv,xmbbulletinboard.film-shorts.tv,XMB,0,0,0,No
firepolice.co,firepolice.co,XMB,0,0,0,No
foryouforums.net,foryouforums.net,XMB,0,0,0,No
gamedog.se,gamedog.se,XMB,0,0,0,No
grandbro.date,grandbro.date,XMB,0,0,0,No
postcrossing.com,forum.postcrossing.com,XMB,28648,510195,8331,Yes
xmbforum2.com,forums.xmbforum2.com,XMB,63,36,12,Yes
xmbforum2.com,alpha.xmbforum2.com,XMB,0,0,0,No
xmbforum2.com,alt.xmbforum2.com,XMB,0,0,0,No
ytjt.org,forum.ytjt.org,XMB,49,50,12,Yes
akeet.com,akeet.com,XMB,27,1022,480,Yes
alfapower.nu,alfapower.nu,XMB,-1,-1,-1,Yes
auroraservers.xyz,auroraservers.xyz,XMB,66,33,12,Yes
e-padi.com,forum.e-padi.com,XMB,135,19,6,Yes
e-padi.com,mail.forum.e-padi.com,XMB,0,0,0,No
maschinengeist.org,forum.maschinengeist.org,XMB,31,68,13,Yes
mrafrica.us,mrafrica.us,XMB,-1,-1,-1,Yes
my3cx.it,monoinformatica3cx.my3cx.it,XMB,-1,-1,-1,Yes
mysmall.horse,mysmall.horse,XMB,95,4,13,Yes
101xp.com,forums.101xp.com,Xenforo,0,0,0,No
101xp.com,forum-ru.101xp.com,Xenforo,0,0,0,No
101xp.com,forum-en.101xp.com,Xenforo,0,0,0,No
101xp.com,forum-icarus.101xp.com,Xenforo,-1,-1,-1,Yes
101xp.com,forum-loa3.101xp.com,Xenforo,-1,-1,-1,Yes
101xp.com,forum-mstar.101xp.com,Xenforo,0,0,0,No
101xp.com,forum-eol.101xp.com,Xenforo,-1,-1,-1,Yes
101xp.com,forum-snm.101xp.com,Xenforo,-1,-1,-1,Yes
101xp.com,forum-tr.101xp.com,Xenforo,-1,-1,-1,Yes
101xp.com,forum-jd.101xp.com,Xenforo,-1,-1,-1,Yes
1911forum.com,1911forum.com,Xenforo,-1,-1,-1,Yes
1doi1.com,1doi1.com,Xenforo,-1,-1,-1,Yes
28dayslater.co.uk,28dayslater.co.uk,Xenforo,86139,261135,42420,Yes
2banh.vn,2banh.vn,Xenforo,-1,-1,-1,Yes
4game.com,forum.br.4game.com,Xenforo,-1,-1,-1,Yes
4game.com,forum.la.4game.com,Xenforo,-1,-1,-1,Yes
4gameforum.com,4gameforum.com,Xenforo,-1,-1,-1,Yes
4j.com,forum.4j.com,Xenforo,-1,-1,-1,Yes
4runners.com,4runners.com,Xenforo,-1,-1,-1,Yes
bazicenter.com,bazicenter.com,Xenforo,-1,-1,-1,Yes
bcdb.com,forums.bcdb.com,Xenforo,-1,-1,-1,Yes
beeradvocate.com,beeradvocate.com,Xenforo,-1,-1,-1,Yes
beesource.com,beesource.com,Xenforo,-1,-1,-1,Yes
benzworld.org,benzworld.org,Xenforo,-1,-1,-1,Yes
bettafish.com,bettafish.com,Xenforo,-1,-1,-1,Yes
beyondunreal.com,forums.beyondunreal.com,Xenforo,-1,-1,-1,Yes
bgol.us,bgol.us,Xenforo,-1,-1,-1,Yes
bigsoccer.com,bigsoccer.com,Xenforo,-1,-1,-1,Yes
bikemag.com,ridemonkey.bikemag.com,Xenforo,19144,3376,165074,Yes
bimmerfest.com,bimmerfest.com,Xenforo,-1,-1,-1,Yes
bit-tech.net,forums.bit-tech.net,Xenforo,0,0,0,No
bitverzo.com,ruanabol.chat.bitverzo.com,Xenforo,-1,-1,-1,Yes
bmwclub.ru,bmwclub.ru,Xenforo,0,0,0,No
bmwfaq.org,bmwfaq.org,Xenforo,-1,-1,-1,Yes
boat-lifestyle.com,community.boat-lifestyle.com,Xenforo,-1,-1,-1,Yes
boatdesign.net,boatdesign.net,Xenforo,0,0,0,No
bowhunting.com,forums.bowhunting.com,Xenforo,0,0,0,No
boxingforum24.com,boxingforum24.com,Xenforo,-1,-1,-1,Yes
brivium.com,brivium.com,Xenforo,-1,-1,-1,Yes
bukkit.org,bukkit.org,Xenforo,-1,-1,-1,Yes
burbuja.info,burbuja.info,Xenforo,-1,-1,-1,Yes
bushcraftusa.com,bushcraftusa.com,Xenforo,85612,6036,315256,Yes
byggahus.se,byggahus.se,Xenforo,0,0,0,No
cadillacforums.com,cadillacforums.com,Xenforo,-1,-1,-1,Yes
camaros.net,camaros.net,Xenforo,-1,-1,-1,Yes
canadiancontent.net,forums.canadiancontent.net,Xenforo,82195,2294,122378,Yes
cannahome-darknet-drugstore.com,cannahome-darknet-drugstore.com,Xenforo,-1,-1,-1,Yes
caraudio.com,caraudio.com,Xenforo,141352,8512,590708,Yes
cardschat.com,forum.cardschat.com,Xenforo,-1,-1,-1,Yes
carm.org,forums.carm.org,Xenforo,1020,957705,12557,Yes
cdprojektred.com,forums.cdprojektred.com,Xenforo,0,0,0,No
challengertalk.com,challengertalk.com,Xenforo,-1,-1,-1,Yes
chandoo.org,chandoo.org,Xenforo,-1,-1,-1,Yes
chandoo.org,forum.chandoo.org,Xenforo,76853,283384,45480,Yes
chandoo.org,forums.chandoo.org,Xenforo,0,0,0,No
cheftalk.com,cheftalk.com,Xenforo,-1,-1,-1,Yes
chevelles.com,chevelles.com,Xenforo,-1,-1,-1,Yes
chipdip.ru,forum.chipdip.ru,Xenforo,0,0,0,No
chorus.fm,forum.chorus.fm,Xenforo,-1,-1,-1,Yes
christianforums.com,christianforums.com,Xenforo,270271,64236,5811,Yes
chyoa.com,forum.chyoa.com,Xenforo,-1,-1,-1,Yes
civfanatics.com,forums.civfanatics.com,Xenforo,302274,16047,599974,Yes
clubbingbuy.com,clubbingbuy.com,Xenforo,-1,-1,-1,Yes
clubfrontier.org,clubfrontier.org,Xenforo,-1,-1,-1,Yes
clutchfans.net,bbs.clutchfans.net,Xenforo,-1,-1,-1,Yes
cointalk.com,cointalk.com,Xenforo,0,0,0,No
coloradofans.com,coloradofans.com,Xenforo,-1,-1,-1,Yes
comunidadhosting.com,comunidadhosting.com,Xenforo,-1,-1,-1,Yes
contractortalk.com,contractortalk.com,Xenforo,-1,-1,-1,Yes
corral.net,corral.net,Xenforo,-1,-1,-1,Yes
cowboyszone.com,cowboyszone.com,Xenforo,-1,-1,-1,Yes
cricketweb.net,cricketweb.net,Xenforo,-1,-1,-1,Yes
crnobelo.com,forum.crnobelo.com,Xenforo,6705,352464,4968,Yes
cruzetalk.com,cruzetalk.com,Xenforo,-1,-1,-1,Yes
crvownersclub.com,crvownersclub.com,Xenforo,-1,-1,-1,Yes
cumminsforum.com,cumminsforum.com,Xenforo,-1,-1,-1,Yes
cutestat.com,kinoexpert.ru.cutestat.com,Xenforo,-1,-1,-1,Yes
cyberleaks.to,cyberleaks.to,Xenforo,-1,-1,-1,Yes
cyclingforums.com,cyclingforums.com,Xenforo,239814,3819,447462,Yes
kaffee-netz.de,kaffee-netz.de,Xenforo,-1,-1,-1,Yes
kajgana.com,forum.kajgana.com,Xenforo,81,9,69,Yes
kanoapps.com,forums.kanoapps.com,Xenforo,-1,-1,-1,Yes
kanoplay.com,forums-archive.kanoplay.com,Xenforo,-1,-1,-1,Yes
kanyetothe.com,kanyetothe.com,Xenforo,-1,-1,-1,Yes
kaptur.club,kaptur.club,Xenforo,-1,-1,-1,Yes
keenswh.com,forums.keenswh.com,Xenforo,0,0,0,No
keenswh.com,forum.keenswh.com,Xenforo,-1,-1,-1,Yes
kinhtexaydung.net,kinhtexaydung.net,Xenforo,-1,-1,-1,Yes
kitty-kats.net,kitty-kats.net,Xenforo,-1,-1,-1,Yes
nawcc.org,mb.nawcc.org,Xenforo,53824,1563,178258,Yes
nc2alawyers.org,nc2alawyers.org,Xenforo,-1,-1,-1,Yes
neosmart.net,neosmart.net,Xenforo,-1,-1,-1,Yes
nevsedoma.com.ua,tracker.nevsedoma.com.ua,Xenforo,-1,-1,-1,Yes
newtek.com,forums.newtek.com,Xenforo,92669,1612,160019,Yes
nexopia.com,nexopia.com,Xenforo,0,0,0,No
nfoservers.com,xe.site.nfoservers.com,Xenforo,-1,-1,-1,Yes
ngemu.com,ngemu.com,Xenforo,-1,-1,-1,Yes
nhattao.com,nhattao.com,Xenforo,-1,-1,-1,Yes
nissanclub.com,nissanclub.com,Xenforo,-1,-1,-1,Yes
nma-fallout.com,nma-fallout.com,Xenforo,-1,-1,-1,Yes
nofap.com,nofap.com,Xenforo,-1,-1,-1,Yes
nopixel.net,nopixel.net,Xenforo,0,0,0,No
odyclub.com,odyclub.com,Xenforo,-1,-1,-1,Yes
off-road.com,forums.off-road.com,Xenforo,-1,-1,-1,Yes
officialpsds.com,officialpsds.com,Xenforo,-1,-1,-1,Yes
old-games.ru,old-games.ru,Xenforo,-1,-1,-1,Yes
omegaforums.net,omegaforums.net,Xenforo,-1,-1,-1,Yes
oneplus.com,forums.oneplus.com,Xenforo,-1,-1,-1,Yes
online-knigi.com,forum.online-knigi.com,Xenforo,1,1,1,Yes
opelforum.ru,opelforum.ru,Xenforo,-1,-1,-1,Yes
openbuilds.com,openbuilds.com,Xenforo,-1,-1,-1,Yes
openos.org,openos.org,Xenforo,-1,-1,-1,Yes
orthodoxchristianity.net,forums.orthodoxchristianity.net,Xenforo,12576,1636,72026,Yes
overclock.net,overclock.net,Xenforo,-1,-1,-1,Yes
overclockers.com.au,forums.overclockers.com.au,Xenforo,-1,-1,-1,Yes
t-shirtforums.com,t-shirtforums.com,Xenforo,-1,-1,-1,Yes
tacomaworld.com,tacomaworld.com,Xenforo,-1,-1,-1,Yes
talkaboutmarriage.com,talkaboutmarriage.com,Xenforo,-1,-1,-1,Yes
talkbass.com,talkbass.com,Xenforo,-1,-1,-1,Yes
talkclassical.com,talkclassical.com,Xenforo,-1,-1,-1,Yes
tapuz.co.il,tapuz.co.il,Xenforo,-1,-1,-1,Yes
taxidermy.net,taxidermy.net,Xenforo,-1,-1,-1,Yes
tdiclub.com,forums.tdiclub.com,Xenforo,140990,5636,505831,Yes
tdiclub.com,pics.tdiclub.com,Xenforo,0,0,0,No
techarp.com,forums.techarp.com,Xenforo,-1,-1,-1,Yes
techarp.com,archive.techarp.com,Xenforo,-1,-1,-1,Yes
techgage.com,forums.techgage.com,Xenforo,-1,-1,-1,Yes
techguy.org,techguy.org,Xenforo,-1,-1,-1,Yes
techpowerup.com,techpowerup.com,Xenforo,-1,-1,-1,Yes
techrum.vn,techrum.vn,Xenforo,-1,-1,-1,Yes
techsupportforum.com,techsupportforum.com,Xenforo,-1,-1,-1,Yes
tennis-warehouse.com,tt.tennis-warehouse.com,Xenforo,59114,15281,661806,Yes
tennisforum.com,tennisforum.com,Xenforo,-1,-1,-1,Yes
the-mainboard.com,the-mainboard.com,Xenforo,-1,-1,-1,Yes
the-west.net,forum.the-west.net,Xenforo,0,0,0,No
the-west.net,forum.beta.the-west.net,Xenforo,0,0,0,No
the-west.net,forum.events.the-west.net,Xenforo,0,0,0,No
thedieselstop.com,thedieselstop.com,Xenforo,-1,-1,-1,Yes
thefashionspot.com,forums.thefashionspot.com,Xenforo,-1,-1,-1,Yes
thefashionspot.com,cdn1-www-forums.thefashionspot.com,Xenforo,-1,-1,-1,Yes
thefirearmsforum.com,thefirearmsforum.com,Xenforo,-1,-1,-1,Yes
theforce.net,boards.theforce.net,Xenforo,0,0,0,No
thegioiseo.com,thegioiseo.com,Xenforo,-1,-1,-1,Yes
thehighroad.org,thehighroad.org,Xenforo,-1,-1,-1,Yes
thelaw.com,thelaw.com,Xenforo,-1,-1,-1,Yes
themehouse.com,forums.xf.themehouse.com,Xenforo,0,0,0,No
themehouse.com,forums.themehouse.com,Xenforo,0,0,0,No
themehouse.com,themehouse.com,Xenforo,-1,-1,-1,Yes
themehunk.com,themehunk.com,Xenforo,-1,-1,-1,Yes
themehunk.com,support.themehunk.com,Xenforo,-1,-1,-1,Yes
thepollsters.com,forum.thepollsters.com,Xenforo,3661,5850,5687,Yes
thetruckersreport.com,thetruckersreport.com,Xenforo,-1,-1,-1,Yes
tinnitustalk.com,tinnitustalk.com,Xenforo,-1,-1,-1,Yes
titantalk.com,titantalk.com,Xenforo,-1,-1,-1,Yes
tivocommunity.com,tivocommunity.com,Xenforo,-1,-1,-1,Yes
topgamehaynhat.net,topgamehaynhat.net,Xenforo,75992,169518,153338,Yes
toucharcade.com,toucharcade.com,Xenforo,-1,-1,-1,Yes
toyotanation.com,toyotanation.com,Xenforo,-1,-1,-1,Yes
tranny.one,forum.tranny.one,Xenforo,22612,25423,3647,Yes
trapshooters.com,trapshooters.com,Xenforo,-1,-1,-1,Yes
trekbbs.com,trekbbs.com,Xenforo,-1,-1,-1,Yes
tribalwars2.com,en.forum.tribalwars2.com,Xenforo,0,0,0,No
tribalwars2.com,de.forum.tribalwars2.com,Xenforo,0,0,0,No
tribalwars2.com,br.forum.tribalwars2.com,Xenforo,0,0,0,No
tribalwars2.com,se.forum.tribalwars2.com,Xenforo,660,20,3,Yes
tribalwars2.com,pt.forum.tribalwars2.com,Xenforo,0,0,0,No
tribalwars2.com,cz.forum.tribalwars2.com,Xenforo,0,0,0,No
tribalwars2.com,ru.forum.tribalwars2.com,Xenforo,0,0,0,No
tribalwars2.com,pl.forum.tribalwars2.com,Xenforo,0,0,0,No
tribalwars2.com,fr.forum.tribalwars2.com,Xenforo,0,0,0,No
tribalwars2.com,fi.forum.tribalwars2.com,Xenforo,0,0,0,No
tribalwars2.com,es.forum.tribalwars2.com,Xenforo,0,0,0,No
tribalwars2.com,dk.forum.tribalwars2.com,Xenforo,660,20,3,Yes
tribalwars2.com,nl.forum.tribalwars2.com,Xenforo,0,0,0,No
tribalwars2.com,tr.forum.tribalwars2.com,Xenforo,0,0,0,No
tribalwars2.com,ro.forum.tribalwars2.com,Xenforo,0,0,0,No
tribalwars2.com,it.forum.tribalwars2.com,Xenforo,0,0,0,No
tribalwars2.com,hu.forum.tribalwars2.com,Xenforo,0,0,0,No
tribalwars2.com,gr.forum.tribalwars2.com,Xenforo,0,0,0,No
tribalwars2.com,sk.forum.tribalwars2.com,Xenforo,0,0,0,No
tribalwars2.com,us.forum.tribalwars2.com,Xenforo,0,0,0,No
trilliux.me,forum.trilliux.me,Xenforo,3422,68486,52507,Yes
tubebuddy.com,community.tubebuddy.com,Xenforo,954,138349,41105,Yes
tugbbs.com,tugbbs.com,Xenforo,-1,-1,-1,Yes
tundras.com,tundras.com,Xenforo,-1,-1,-1,Yes
tundrasolutions.com,tundrasolutions.com,Xenforo,-1,-1,-1,Yes
turkerview.com,forum.turkerview.com,Xenforo,-1,-1,-1,Yes
tuttoandroid.net,tuttoandroid.net,Xenforo,-1,-1,-1,Yes
tuttoandroid.net,forum.tuttoandroid.net,Xenforo,-1,-1,-1,Yes
twinstar.cz,forum.twinstar.cz,Xenforo,71507,473716,46025,Yes
5giay.vn,5giay.vn,Xenforo,-1,-1,-1,Yes
ibiza-spotlight.com,forum.ibiza-spotlight.com,Xenforo,27020,1061,78386,Yes
icewarehouse.com,hockey.icewarehouse.com,Xenforo,-1,-1,-1,Yes
idg.zone,cf.pcwelt-forum.idg.zone,Xenforo,-1,-1,-1,Yes
idg.zone,cf.macwelt-forum.idg.zone,Xenforo,-1,-1,-1,Yes
idws.id,forum.idws.id,Xenforo,0,0,0,No
idws.id,store.idws.id,Xenforo,0,0,0,No
ifish.net,ifish.net,Xenforo,-1,-1,-1,Yes
ilounge.com,forums.ilounge.com,Xenforo,0,0,0,No
indiegala.com,forums.indiegala.com,Xenforo,-1,140124,15707,Yes
infojardin.com,foroantiguo.infojardin.com,Xenforo,0,0,0,No
infojardin.com,foroarchivos.infojardin.com,Xenforo,0,0,0,No
infojardin.com,infojardin.com,Xenforo,-1,-1,-1,Yes
infojardin.com,foro.infojardin.com,Xenforo,-1,-1,-1,Yes
infojardin.com,archivo.infojardin.com,Xenforo,0,0,0,No
insideuniversal.net,forums.insideuniversal.net,Xenforo,-1,-1,-1,Yes
io-tech.fi,io-tech.fi,Xenforo,-1,-1,-1,Yes
itseovn.com,itseovn.com,Xenforo,-1,-1,-1,Yes
itsjerryandharry.com,itsjerryandharry.com,Xenforo,-1,-1,-1,Yes
itv.live,forum.itv.live,Xenforo,0,0,0,No
jalopyjournal.com,jalopyjournal.com,Xenforo,-1,-1,-1,Yes
jeepforum.com,jeepforum.com,Xenforo,-1,-1,-1,Yes
jeepgarage.org,jeepgarage.org,Xenforo,-1,-1,-1,Yes
joaoapps.com,forum.joaoapps.com,Xenforo,-1,-1,-1,Yes
juraforum.de,juraforum.de,Xenforo,0,0,0,No
justusboys.com,forums.justusboys.com,Xenforo,-1,-1,-1,Yes
s10forum.com,s10forum.com,Xenforo,-1,-1,-1,Yes
sailboatowners.com,forums.sbo.sailboatowners.com,Xenforo,0,0,0,No
sailboatowners.com,forums.catalina.sailboatowners.com,Xenforo,0,0,0,No
sailboatowners.com,forums.oday.sailboatowners.com,Xenforo,0,0,0,No
sailboatowners.com,forums.macgregor.sailboatowners.com,Xenforo,0,0,0,No
sailboatowners.com,forums.hunter.sailboatowners.com,Xenforo,0,0,0,No
sailboatowners.com,forums.beneteau.sailboatowners.com,Xenforo,0,0,0,No
sailboatowners.com,forums.sailboatowners.com,Xenforo,-1,-1,-1,Yes
sailnet.com,sailnet.com,Xenforo,-1,-1,-1,Yes
saltwaterfish.com,forums.saltwaterfish.com,Xenforo,304028,3323,374282,Yes
saxontheweb.net,saxontheweb.net,Xenforo,-1,-1,-1,Yes
screwfix.com,community.screwfix.com,Xenforo,-1,-1,-1,Yes
scribblehub.com,forum.scribblehub.com,Xenforo,-1,-1,-1,Yes
seafight.com,seafight.com,Xenforo,-1,-1,-1,Yes
seafight.com,board-tr.seafight.com,Xenforo,-1,-1,-1,Yes
seafight.com,board-en.seafight.com,Xenforo,-1,-1,-1,Yes
seafight.com,board-de.seafight.com,Xenforo,-1,-1,-1,Yes
seafight.com,board-pt.seafight.com,Xenforo,-1,-1,-1,Yes
seafight.com,board-es.seafight.com,Xenforo,-1,-1,-1,Yes
seafight.com,board-hu.seafight.com,Xenforo,-1,-1,-1,Yes
seafight.com,board-pl.seafight.com,Xenforo,-1,-1,-1,Yes
seafight.com,board-cs.seafight.com,Xenforo,-1,-1,-1,Yes
seafight.com,board-it.seafight.com,Xenforo,-1,-1,-1,Yes
seafight.com,board-fr.seafight.com,Xenforo,-1,-1,-1,Yes
seafight.com,board-ro.seafight.com,Xenforo,-1,-1,-1,Yes
seafight.com,board-ru.seafight.com,Xenforo,-1,-1,-1,Yes
seafight.com,board-bg.seafight.com,Xenforo,-1,-1,-1,Yes
seomaestro.kz,forum.seomaestro.kz,Xenforo,0,0,0,No
seotot.edu.vn,seotot.edu.vn,Xenforo,-1,-1,-1,Yes
sharemania.us,sharemania.us,Xenforo,-1,-1,-1,Yes
sherdog.com,forums.sherdog.com,Xenforo,-1,-1,-1,Yes
sherdog.com,cdn1-forums.sherdog.com,Xenforo,-1,-1,-1,Yes
sherdog.com,origin.forums.sherdog.com,Xenforo,-1,-1,-1,Yes
sherdog.com,cdn1-www-forums.sherdog.com,Xenforo,-1,-1,-1,Yes
shinden.pl,forum.shinden.pl,Xenforo,-1,-1,-1,Yes
shotgunworld.com,shotgunworld.com,Xenforo,-1,-1,-1,Yes
sigtalk.com,sigtalk.com,Xenforo,-1,-1,-1,Yes
siliconera.com,forums.siliconera.com,Xenforo,-1,-1,-1,Yes
simplilearn.com,community.simplilearn.com,Xenforo,-1,-1,-1,Yes
skins.be,forum.skins.be,Xenforo,0,0,0,No
skladchik.biz,skladchik.biz,Xenforo,0,0,0,No
skladchik.com,skladchik.com,Xenforo,-1,-1,-1,Yes
skladchina.biz,skladchina.biz,Xenforo,0,0,0,No
skladchina.in,skladchina.in,Xenforo,0,0,0,No
skyscrapercity.com,skyscrapercity.com,Xenforo,-1,-1,-1,Yes
smogon.com,smogon.com,Xenforo,-1,-1,-1,Yes
snbforums.com,snbforums.com,Xenforo,-1,-1,-1,Yes
snowboardingforum.com,snowboardingforum.com,Xenforo,-1,-1,-1,Yes
soccergaming.com,soccergaming.com,Xenforo,0,0,0,No
sonicretro.org,forums.sonicretro.org,Xenforo,-1,-1,-1,Yes
sonsofsamhorn.net,sonsofsamhorn.net,Xenforo,-1,-1,-1,Yes
speakev.com,speakev.com,Xenforo,-1,-1,-1,Yes
spigotmc.org,spigotmc.org,Xenforo,0,0,0,No
spnet.ru,forum.spnet.ru,Xenforo,0,0,0,No
spnet.ru,imap.spnet.ru,Xenforo,0,0,0,No
spnet.ru,smtp.spnet.ru,Xenforo,0,0,0,No
spnet.ru,imaps.spnet.ru,Xenforo,0,0,0,No
spnet.ru,pop3s.spnet.ru,Xenforo,0,0,0,No
spnet.ru,pop3.spnet.ru,Xenforo,0,0,0,No
stage48.net,stage48.net,Xenforo,-1,-1,-1,Yes
starwarsnewsnet.com,thecantina.starwarsnewsnet.com,Xenforo,-1,-1,-1,Yes
steamrep.com,forums.steamrep.com,Xenforo,-1,-1,-1,Yes
steroidology.com,forum.steroidology.com,Xenforo,439623,3425,649331,Yes
stevehoffman.tv,forums.stevehoffman.tv,Xenforo,-1,-1,-1,Yes
stevehoffman.tv,stevehoffman.tv,Xenforo,0,0,0,No
stratics.com,stratics.com,Xenforo,-1,-1,-1,Yes
studio-397.com,forum.studio-397.com,Xenforo,-1,-1,-1,Yes
studio-397.com,confluence.studio-397.com,Xenforo,0,0,0,No
subaruforester.org,subaruforester.org,Xenforo,-1,-1,-1,Yes
subaruoutback.org,subaruoutback.org,Xenforo,-1,-1,-1,Yes
superherohype.com,forums.superherohype.com,Xenforo,-1,-1,-1,Yes
superherohype.com,cdn1-www-forums.superherohype.com,Xenforo,-1,-1,-1,Yes
supraforums.com,supraforums.com,Xenforo,-1,-1,-1,Yes
survivalistboards.com,survivalistboards.com,Xenforo,-1,-1,-1,Yes
swedespeed.com,swedespeed.com,Xenforo,-1,-1,-1,Yes
swedroid.se,swedroid.se,Xenforo,-1,-1,-1,Yes
sythe.org,sythe.org,Xenforo,0,0,0,No
velocityreviews.com,velocityreviews.com,Xenforo,-1,-1,-1,Yes
vergecurrency.com,forums.vergecurrency.com,Xenforo,-1,-1,-1,Yes
vietdesigner.net,vietdesigner.net,Xenforo,-1,-1,-1,Yes
vietdesigner.net,cdn.vietdesigner.net,Xenforo,0,0,0,No
vietdesigner.net,forum.vietdesigner.net,Xenforo,-1,-1,-1,Yes
vintage-mustang.com,vintage-mustang.com,Xenforo,-1,-1,-1,Yes
vnxf.vn,vnxf.vn,Xenforo,36055,90164,20875,Yes
volnation.com,volnation.com,Xenforo,-1,-1,-1,Yes
vorondesign.com,forum.vorondesign.com,Xenforo,1552,2262,311,Yes
vwvortex.com,vwvortex.com,Xenforo,-1,-1,-1,Yes
8thcivic.com,8thcivic.com,Xenforo,-1,-1,-1,Yes
darkorbit.com,darkorbit.com,Xenforo,-1,-1,-1,Yes
darkorbit.com,board-fr.darkorbit.com,Xenforo,-1,-1,-1,Yes
darkorbit.com,board-en.darkorbit.com,Xenforo,-1,-1,-1,Yes
darkorbit.com,board-tr.darkorbit.com,Xenforo,-1,-1,-1,Yes
darkorbit.com,board-pt.darkorbit.com,Xenforo,-1,-1,-1,Yes
darkorbit.com,board-es.darkorbit.com,Xenforo,-1,-1,-1,Yes
darkorbit.com,board-ro.darkorbit.com,Xenforo,-1,-1,-1,Yes
darkorbit.com,board-ru.darkorbit.com,Xenforo,-1,-1,-1,Yes
darkorbit.com,board-pl.darkorbit.com,Xenforo,-1,-1,-1,Yes
darkorbit.com,board-hu.darkorbit.com,Xenforo,-1,-1,-1,Yes
darkorbit.com,board-de.darkorbit.com,Xenforo,-1,-1,-1,Yes
darkorbit.com,board-it.darkorbit.com,Xenforo,-1,-1,-1,Yes
darkorbit.com,board-cs.darkorbit.com,Xenforo,-1,-1,-1,Yes
darkorbit.com,board-bg.darkorbit.com,Xenforo,-1,-1,-1,Yes
darkwebonlinemarkets.com,darkwebonlinemarkets.com,Xenforo,-1,-1,-1,Yes
dash.org,dash.org,Xenforo,-1,-1,-1,Yes
dash.org,forum.dash.org,Xenforo,42678,175772,17839,Yes
dash.org,talk.dash.org,Xenforo,0,0,0,No
dawgshed.com,dawgshed.com,Xenforo,-1,-1,-1,Yes
daybreakgames.com,forums.daybreakgames.com,Xenforo,0,0,0,No
decred.org,forum.decred.org,Xenforo,0,0,0,No
defencetalk.com,defencetalk.com,Xenforo,-1,-1,-1,Yes
destination360.com,destination360.com,Xenforo,0,0,0,No
destructoid.com,forums.destructoid.com,Xenforo,-1,-1,-1,Yes
desu.me,desu.me,Xenforo,-1,-1,-1,Yes
detailingworld.co.uk,detailingworld.co.uk,Xenforo,-1,-1,-1,Yes
dieselplace.com,dieselplace.com,Xenforo,-1,-1,-1,Yes
digiex.net,digiex.net,Xenforo,-1,-1,-1,Yes
digitalfernsehen.de,forum.digitalfernsehen.de,Xenforo,-1,-1,-1,Yes
digitalpoint.com,digitalpoint.com,Xenforo,-1,-1,-1,Yes
dirtywarez.com,dirtywarez.com,Xenforo,0,0,0,No
disboards.com,disboards.com,Xenforo,592587,62993,3598,Yes
discountasp.net,community.discountasp.net,Xenforo,-1,-1,-1,Yes
diychatroom.com,diychatroom.com,Xenforo,-1,-1,-1,Yes
diyelectriccar.com,diyelectriccar.com,Xenforo,-1,-1,-1,Yes
diymobileaudio.com,diymobileaudio.com,Xenforo,-1,-1,-1,Yes
do4a.me,d.do4a.me,Xenforo,0,0,0,No
do4a.me,a.do4a.me,Xenforo,0,0,0,No
do4a.me,b.do4a.me,Xenforo,0,0,0,No
do4a.me,c.do4a.me,Xenforo,0,0,0,No
do4a.me,e.do4a.me,Xenforo,-1,-1,-1,Yes
do4a.me,f.do4a.me,Xenforo,0,0,0,No
do4a.me,g.do4a.me,Xenforo,-1,-1,-1,Yes
do4a.me,h.do4a.me,Xenforo,0,0,0,No
do4a.me,i.do4a.me,Xenforo,0,0,0,No
do4a.me,k.do4a.me,Xenforo,0,0,0,No
do4a.me,l.do4a.me,Xenforo,0,0,0,No
do4a.me,m.do4a.me,Xenforo,-1,-1,-1,Yes
do4a.me,n.do4a.me,Xenforo,0,0,0,No
do4a.me,o.do4a.me,Xenforo,-1,-1,-1,Yes
do4a.me,p.do4a.me,Xenforo,-1,-1,-1,Yes
do4a.me,q.do4a.me,Xenforo,0,0,0,No
do4a.me,r.do4a.me,Xenforo,0,0,0,No
do4a.me,s.do4a.me,Xenforo,0,0,0,No
do4a.me,t.do4a.me,Xenforo,-1,-1,-1,Yes
do4a.me,u.do4a.me,Xenforo,0,0,0,No
do4a.me,v.do4a.me,Xenforo,0,0,0,No
do4a.me,w.do4a.me,Xenforo,-1,-1,-1,Yes
do4a.me,x.do4a.me,Xenforo,0,0,0,No
do4a.me,z.do4a.me,Xenforo,-1,-1,-1,Yes
do4a.me,ab.do4a.me,Xenforo,-1,-1,-1,Yes
do4a.me,ac.do4a.me,Xenforo,-1,-1,-1,Yes
do4a.me,ad.do4a.me,Xenforo,-1,-1,-1,Yes
do4a.me,ae.do4a.me,Xenforo,-1,-1,-1,Yes
do4a.me,af.do4a.me,Xenforo,-1,-1,-1,Yes
do4a.me,ah.do4a.me,Xenforo,-1,-1,-1,Yes
do4a.me,ai.do4a.me,Xenforo,-1,-1,-1,Yes
do4a.me,aj.do4a.me,Xenforo,-1,-1,-1,Yes
do4a.me,ak.do4a.me,Xenforo,-1,-1,-1,Yes
do4a.me,al.do4a.me,Xenforo,-1,-1,-1,Yes
dogforum.com,dogforum.com,Xenforo,-1,-1,-1,Yes
dohtheme.com,dohtheme.com,Xenforo,-1,-1,-1,Yes
dohtheme.com,legacy.dohtheme.com,Xenforo,0,0,0,No
donapex.net,forum.donapex.net,Xenforo,-1,-1,-1,Yes
dontpayfull.com,forum.dontpayfull.com,Xenforo,-1,-1,-1,Yes
dontpayfull.com,forum-static.dontpayfull.com,Xenforo,-1,-1,-1,Yes
dovetailgames.com,forums.dovetailgames.com,Xenforo,-1,-1,-1,Yes
dragonflycave.com,forums.dragonflycave.com,Xenforo,3227,547538,16590,Yes
drakensang.com,drakensang.com,Xenforo,0,0,0,No
drakensang.com,board-en.drakensang.com,Xenforo,-1,-1,-1,Yes
drakensang.com,board-de.drakensang.com,Xenforo,-1,-1,-1,Yes
driveaccord.net,driveaccord.net,Xenforo,-1,-1,-1,Yes
drugabuse.com,talk.drugabuse.com,Xenforo,-1,-1,-1,Yes
ducati.ms,ducati.ms,Xenforo,-1,-1,-1,Yes
dueruote.it,forumx.dueruote.it,Xenforo,-1,-1,-1,Yes
dueruote.it,forum.dueruote.it,Xenforo,-1,-1,-1,Yes
dueruote.it,forumtest.dueruote.it,Xenforo,-1,-1,-1,Yes
dueruote.it,forumtestx.dueruote.it,Xenforo,-1,-1,-1,Yes
duramaxforum.com,duramaxforum.com,Xenforo,-1,-1,-1,Yes
hdvietnam.xyz,hdvietnam.xyz,Xenforo,-1,-1,-1,Yes
heavyequipmentforums.com,heavyequipmentforums.com,Xenforo,-1,-1,-1,Yes
hebergementweb.org,hebergementweb.org,Xenforo,-1,-1,-1,Yes
hellcat.org,hellcat.org,Xenforo,-1,-1,-1,Yes
hkedcity.net,forum.hkedcity.net,Xenforo,-1,-1,-1,Yes
hkpro.com,hkpro.com,Xenforo,-1,-1,-1,Yes
homesteadingtoday.com,homesteadingtoday.com,Xenforo,-1,-1,-1,Yes
hopcho.vn,hopcho.vn,Xenforo,-1,-1,-1,Yes
horseandhound.co.uk,forums-secure.horseandhound.co.uk,Xenforo,0,0,0,No
horseandhound.co.uk,forums.horseandhound.co.uk,Xenforo,99759,11414,811197,Yes
horseforum.com,horseforum.com,Xenforo,-1,-1,-1,Yes
hoststud.com,hoststud.com,Xenforo,-1,-1,-1,Yes
hotrodders.com,hotrodders.com,Xenforo,-1,-1,-1,Yes
howtoforge.com,howtoforge.com,Xenforo,-1,-1,-1,Yes
hqcelebcorner.net,hqcelebcorner.net,Xenforo,0,0,0,No
hyundai-forums.com,hyundai-forums.com,Xenforo,-1,-1,-1,Yes
lakii.com,lakii.com,Xenforo,0,0,0,No
lawnsite.com,lawnsite.com,Xenforo,-1,-1,-1,Yes
layitlow.com,layitlow.com,Xenforo,-1,-1,-1,Yes
leg.bz,leg.bz,Xenforo,-1,-1,-1,Yes
legalizer.vip,legalizer.vip,Xenforo,-1,-1,-1,Yes
lephoceen.fr,forum.lephoceen.fr,Xenforo,-1,-1,-1,Yes
lephoceen.fr,dev.forum.lephoceen.fr,Xenforo,-1,-1,-1,Yes
leviton.com,communities.leviton.com,Xenforo,-1,-1,-1,Yes
lewdweb.net,forum.lewdweb.net,Xenforo,-1,-1,-1,Yes
lumberjocks.com,lumberjocks.com,Xenforo,-1,-1,-1,Yes
lumion.com,community.lumion.com,Xenforo,0,0,0,No
lumion.com,community-test.lumion.com,Xenforo,-1,-1,-1,Yes
r7shoq.com,dlil.r7shoq.com,Xenforo,1,35,34,Yes
rav4world.com,rav4world.com,Xenforo,-1,-1,-1,Yes
rawporn.org,rawporn.org,Xenforo,38110,63006,541244,Yes
razer.com,insider.razer.com,Xenforo,-1,-1,-1,Yes
rebelscum.com,forum.rebelscum.com,Xenforo,0,0,0,No
rebelscum.com,registry.rebelscum.com,Xenforo,-1,-1,-1,Yes
redfox.bz,forum.redfox.bz,Xenforo,-1,-1,-1,Yes
redfox.bz,redfox.bz,Xenforo,-1,-1,-1,Yes
redfox.bz,che.redfox.bz,Xenforo,-1,-1,-1,Yes
reefbuilders.com,reefbuilders.com,Xenforo,-1,-1,-1,Yes
reefcentral.com,forums.reefcentral.com,Xenforo,325035,19564,1976,Yes
reibert.info,reibert.info,Xenforo,-1,-1,-1,Yes
relay.cool,dev.xenforo.relay.cool,Xenforo,0,0,0,No
renault-kaptur.su,renault-kaptur.su,Xenforo,-1,-1,-1,Yes
ridgelineownersclub.com,ridgelineownersclub.com,Xenforo,-1,-1,-1,Yes
ridingwarehouse.com,blog.ridingwarehouse.com,Xenforo,-1,-1,-1,Yes
rimfirecentral.com,rimfirecentral.com,Xenforo,-1,-1,-1,Yes
rmnt.ru,rmnt.ru,Xenforo,0,0,0,No
roadbikereview.com,roadbikereview.com,Xenforo,-1,-1,-1,Yes
rollitup.org,rollitup.org,Xenforo,923745,16236,864661,Yes
romulation.org,forum.romulation.org,Xenforo,-1,-1,-1,Yes
ross-tech.com,forums.ross-tech.com,Xenforo,37979,295209,32582,Yes
routerforums.com,routerforums.com,Xenforo,-1,-1,-1,Yes
rpg.net,forum.rpg.net,Xenforo,102105,21809,702794,Yes
rpgmakerweb.com,forums.rpgmakerweb.com,Xenforo,167963,1188,127598,Yes
rpgrussia.com,rpgrussia.com,Xenforo,0,0,0,No
rphangx.com,rphangx.com,Xenforo,0,0,0,No
rphangx.net,rphangx.net,Xenforo,-1,-1,-1,Yes
rugerforum.net,rugerforum.net,Xenforo,-1,-1,-1,Yes
runningwarehouse.com,talk.runningwarehouse.com,Xenforo,3740,8405,396,Yes
rvforum.net,rvforum.net,Xenforo,0,0,0,No
rzrforums.net,rzrforums.net,Xenforo,-1,-1,-1,Yes
uberpeople.net,uberpeople.net,Xenforo,-1,-1,-1,Yes
uc.zone,uc.zone,Xenforo,235132,46797,5221,Yes
ulmf.org,ulmf.org,Xenforo,558893,1109,12282,Yes
unlocktool.net,forum.unlocktool.net,Xenforo,-1,-1,-1,Yes
unrealengine.vn,unrealengine.vn,Xenforo,-1,-1,-1,Yes
zidoo.tv,forum.zidoo.tv,Xenforo,-1,-1,-1,Yes
zjstech.net,hermes.zjstech.net,Xenforo,-1,-1,-1,Yes
zoochat.com,zoochat.com,Xenforo,-1,-1,-1,Yes
zwangerschapspagina.nl,zwangerschapspagina.nl,Xenforo,0,0,0,No
zyzoom.net,zyzoom.net,Xenforo,0,0,0,No
f319.com,f319.com,Xenforo,-1,-1,-1,Yes
fanverse.org,fanverse.org,Xenforo,131080,47283,770564,Yes
farmerama.com,farmerama.com,Xenforo,-1,-1,-1,Yes
farmerama.com,board-da.farmerama.com,Xenforo,-1,-1,-1,Yes
farmerama.com,board-pl.farmerama.com,Xenforo,-1,-1,-1,Yes
farmerama.com,board-pt.farmerama.com,Xenforo,-1,-1,-1,Yes
farmerama.com,board-ru.farmerama.com,Xenforo,-1,-1,-1,Yes
farmerama.com,board-en.farmerama.com,Xenforo,-1,-1,-1,Yes
farmerama.com,board-el.farmerama.com,Xenforo,-1,-1,-1,Yes
farmerama.com,board-bg.farmerama.com,Xenforo,-1,-1,-1,Yes
farmerama.com,board-nl.farmerama.com,Xenforo,-1,-1,-1,Yes
farmerama.com,board-fr.farmerama.com,Xenforo,-1,-1,-1,Yes
farmerama.com,board-hu.farmerama.com,Xenforo,-1,-1,-1,Yes
farmerama.com,board-de.farmerama.com,Xenforo,-1,-1,-1,Yes
farmerama.com,board-es.farmerama.com,Xenforo,-1,-1,-1,Yes
farmerama.com,board-cs.farmerama.com,Xenforo,-1,-1,-1,Yes
farmerama.com,board-ro.farmerama.com,Xenforo,-1,-1,-1,Yes
farmerama.com,board-it.farmerama.com,Xenforo,-1,-1,-1,Yes
fenoxo.com,forum.fenoxo.com,Xenforo,41177,392692,28218,Yes
ferrarichat.com,ferrarichat.com,Xenforo,-1,-1,-1,Yes
finanzaonline.com,forum.finanzaonline.com,Xenforo,181,47,1,Yes
finforum.net,finforum.net,Xenforo,-1,-1,-1,Yes
flashphoner.com,forum.flashphoner.com,Xenforo,0,0,0,No
fluctis.com,revoltagenetwork.fluctis.com,Xenforo,0,0,0,No
fluctis.com,forums.azalea.fluctis.com,Xenforo,0,0,0,No
fluctis.com,emblemrealms.fluctis.com,Xenforo,0,0,0,No
fluctis.com,fallout-factions.fluctis.com,Xenforo,0,0,0,No
fm-base.co.uk,fm-base.co.uk,Xenforo,-1,-1,-1,Yes
focusfanatics.com,focusfanatics.com,Xenforo,-1,-1,-1,Yes
footballguys.com,forums.footballguys.com,Xenforo,56875,12629,177574,Yes
forabodiesonly.com,forabodiesonly.com,Xenforo,0,0,0,No
forgeofempires.com,forum.en.forgeofempires.com,Xenforo,0,0,0,No
forgeofempires.com,forum.ro.forgeofempires.com,Xenforo,0,0,0,No
forgeofempires.com,forum.us.forgeofempires.com,Xenforo,0,0,0,No
forgeofempires.com,forum.es.forgeofempires.com,Xenforo,0,0,0,No
forgeofempires.com,forum.fr.forgeofempires.com,Xenforo,0,0,0,No
forgeofempires.com,forum.nl.forgeofempires.com,Xenforo,0,0,0,No
forgeofempires.com,forum.mx.forgeofempires.com,Xenforo,0,0,0,No
forgeofempires.com,forum.dk.forgeofempires.com,Xenforo,0,0,0,No
forgeofempires.com,forum.de.forgeofempires.com,Xenforo,0,0,0,No
forgeofempires.com,forum.pt.forgeofempires.com,Xenforo,0,0,0,No
forgeofempires.com,forum.br.forgeofempires.com,Xenforo,0,0,0,No
forgeofempires.com,forum.it.forgeofempires.com,Xenforo,0,0,0,No
forgeofempires.com,forum.pl.forgeofempires.com,Xenforo,0,0,0,No
forgeofempires.com,forum.cz.forgeofempires.com,Xenforo,0,0,0,No
forgeofempires.com,forum.tr.forgeofempires.com,Xenforo,0,0,0,No
forgeofempires.com,forum.fi.forgeofempires.com,Xenforo,234,2,1,Yes
forgeofempires.com,forum.ar.forgeofempires.com,Xenforo,0,0,0,No
forgeofempires.com,forum.hu.forgeofempires.com,Xenforo,0,0,0,No
forgeofempires.com,forum.no.forgeofempires.com,Xenforo,0,0,0,No
forgeofempires.com,forum.se.forgeofempires.com,Xenforo,0,0,0,No
forgeofempires.com,forum.gr.forgeofempires.com,Xenforo,0,0,0,No
forgeofempires.com,forum.sk.forgeofempires.com,Xenforo,0,0,0,No
forgeofempires.com,forum.th.forgeofempires.com,Xenforo,0,0,0,No
forgeofempires.com,forum.ru.forgeofempires.com,Xenforo,0,0,0,No
forgeofempires.com,forum.beta.forgeofempires.com,Xenforo,0,0,0,No
foromtb.com,foromtb.com,Xenforo,-1,-1,-1,Yes
forosdz.com,forosdz.com,Xenforo,-1,-1,-1,Yes
forumhouse.ru,forumhouse.ru,Xenforo,0,0,0,No
fpt.edu.vn,forum.fpt.edu.vn,Xenforo,-1,-1,-1,Yes
freeflysystems.com,forum.freeflysystems.com,Xenforo,-1,-1,-1,Yes
freeriderhd.com,community.freeriderhd.com,Xenforo,-1,-1,-1,Yes
freestufftimes.com,forums.freestufftimes.com,Xenforo,-1,-1,-1,Yes
freewebsitetemplates.com,freewebsitetemplates.com,Xenforo,-1,-1,-1,Yes
freewebspace.net,freewebspace.net,Xenforo,-1,-1,-1,Yes
fugly.com,forums.fugly.com,Xenforo,-1,-1,-1,Yes
fullmatch.us,forum.fullmatch.us,Xenforo,-1,-1,-1,Yes
gadalkindom.ru,forum.gadalkindom.ru,Xenforo,-1,-1,-1,Yes
gamemaker.io,forum.gamemaker.io,Xenforo,25235,579640,88450,Yes
gamepro.de,gamepro.de,Xenforo,0,0,0,No
gamerevolution.com,forums.gamerevolution.com,Xenforo,-1,-1,-1,Yes
gamerevolution.com,cdn1-www-forums.gamerevolution.com,Xenforo,-1,-1,-1,Yes
gamevn.com,gamevn.com,Xenforo,-1,-1,-1,Yes
gartenjournal.net,gartenjournal.net,Xenforo,-1,-1,-1,Yes
gartenjournal.net,gartenforum.gartenjournal.net,Xenforo,2,36,3,Yes
germanshepherds.com,germanshepherds.com,Xenforo,-1,-1,-1,Yes
glocktalk.com,glocktalk.com,Xenforo,-1,-1,-1,Yes
gm-volt.com,gm-volt.com,Xenforo,-1,-1,-1,Yes
golfmk7.com,golfmk7.com,Xenforo,0,0,0,No
golfmonthly.com,forums.golfmonthly.com,Xenforo,27367,2408,109945,Yes
gon.com,forum.gon.com,Xenforo,112248,12624,931416,Yes
grasscity.com,forum.grasscity.com,Xenforo,-1,-1,-1,Yes
grasscity.com,magazine.grasscity.com,Xenforo,-1,-1,-1,Yes
grc.com,sqrl.grc.com,Xenforo,357,1360,155,Yes
grc.com,forums.grc.com,Xenforo,1206,7163,865,Yes
grepolis.com,us.forum.grepolis.com,Xenforo,0,0,0,No
grepolis.com,gr.forum.grepolis.com,Xenforo,0,0,0,No
grepolis.com,pl.forum.grepolis.com,Xenforo,0,0,0,No
grepolis.com,br.forum.grepolis.com,Xenforo,0,0,0,No
grepolis.com,ar.forum.grepolis.com,Xenforo,0,0,0,No
grepolis.com,fr.forum.grepolis.com,Xenforo,0,0,0,No
grepolis.com,es.forum.grepolis.com,Xenforo,0,0,0,No
grepolis.com,nl.forum.grepolis.com,Xenforo,0,0,0,No
grepolis.com,en.forum.grepolis.com,Xenforo,0,0,0,No
grepolis.com,fi.forum.grepolis.com,Xenforo,0,0,0,No
grepolis.com,it.forum.grepolis.com,Xenforo,0,0,0,No
grepolis.com,cz.forum.grepolis.com,Xenforo,0,0,0,No
grepolis.com,hu.forum.grepolis.com,Xenforo,0,0,0,No
grepolis.com,tr.forum.grepolis.com,Xenforo,0,0,0,No
grepolis.com,de.forum.grepolis.com,Xenforo,0,0,0,No
grepolis.com,ru.forum.grepolis.com,Xenforo,0,0,0,No
grepolis.com,beta.forum.grepolis.com,Xenforo,0,0,0,No
grepolis.com,se.forum.grepolis.com,Xenforo,0,0,0,No
grepolis.com,ro.forum.grepolis.com,Xenforo,0,0,0,No
grepolis.com,sk.forum.grepolis.com,Xenforo,0,0,0,No
grepolis.com,pt.forum.grepolis.com,Xenforo,0,0,0,No
grepolis.com,no.forum.grepolis.com,Xenforo,0,0,0,No
grepolis.com,dk.forum.grepolis.com,Xenforo,0,0,0,No
guitars101.com,guitars101.com,Xenforo,-1,-1,-1,Yes
gunboards.com,gunboards.com,Xenforo,-1,-1,-1,Yes
guru3d.com,forums.guru3d.com,Xenforo,-1,-1,-1,Yes
pabbly.com,forum.pabbly.com,Xenforo,6330,48580,10243,Yes
pacicanedu.com,bbs.pacicanedu.com,Xenforo,-1,-1,-1,Yes
pajilleros.com,pajilleros.com,Xenforo,380,8,104,Yes
parallels.com,forum.parallels.com,Xenforo,-1,-1,-1,Yes
parallels.com,forum.sp.parallels.com,Xenforo,0,0,0,No
partyinmydorm.com,forum.partyinmydorm.com,Xenforo,-1,-1,-1,Yes
pcmech.com,forum.pcmech.com,Xenforo,-1,-1,-1,Yes
permaculturenews.org,permaculturenews.org,Xenforo,-1,-1,-1,Yes
permaculturenews.org,forums.permaculturenews.org,Xenforo,-1,-1,-1,Yes
persiantools.com,forum.persiantools.com,Xenforo,284764,10832,788464,Yes
personalitycafe.com,personalitycafe.com,Xenforo,-1,-1,-1,Yes
perutops.com,perutops.com,Xenforo,-1,-1,-1,Yes
petforums.co.uk,petforums.co.uk,Xenforo,-1,-1,-1,Yes
php.ru,php.ru,Xenforo,0,0,0,No
phun.org,forum.phun.org,Xenforo,-1,-1,-1,Yes
phun.org,cdn.phun.org,Xenforo,-1,-1,-1,Yes
phun.org,origin.cdn.phun.org,Xenforo,-1,-1,-1,Yes
phun.org,cdn2.phun.org,Xenforo,-1,-1,-1,Yes
piloteers.org,piloteers.org,Xenforo,-1,-1,-1,Yes
pilotsofamerica.com,pilotsofamerica.com,Xenforo,0,0,0,No
pirate4x4.com,pirate4x4.com,Xenforo,-1,-1,-1,Yes
pivx.org,forum.pivx.org,Xenforo,1755,2087,697,Yes
pivx.org,forum2.pivx.org,Xenforo,0,0,0,No
plantedtank.net,plantedtank.net,Xenforo,-1,-1,-1,Yes
platforum.cloud,thunderdome.platforum.cloud,Xenforo,0,0,0,No
platforum.cloud,dev2.platforum.cloud,Xenforo,-1,-1,-1,Yes
playerup.com,playerup.com,Xenforo,0,0,0,No
playstarbound.com,community.playstarbound.com,Xenforo,-1,-1,-1,Yes
playstarbound.com,forums.playstarbound.com,Xenforo,-1,-1,-1,Yes
playstationlifestyle.net,forums.playstationlifestyle.net,Xenforo,-1,-1,-1,Yes
playstationlifestyle.net,cdn1-www-forums.playstationlifestyle.net,Xenforo,-1,-1,-1,Yes
popjustice.com,forum.popjustice.com,Xenforo,-1,-1,-1,Yes
portalnet.cl,portalnet.cl,Xenforo,-1,-1,-1,Yes
powerstroke.org,powerstroke.org,Xenforo,-1,-1,-1,Yes
priuschat.com,priuschat.com,Xenforo,-1,-1,-1,Yes
profesionalreview.com,foro.profesionalreview.com,Xenforo,0,0,0,No
profesionalreview.com,foros.profesionalreview.com,Xenforo,0,0,0,No
psd-tutorials.de,psd-tutorials.de,Xenforo,65,2,174,Yes
psx-place.com,psx-place.com,Xenforo,-1,-1,-1,Yes
qcgameprivate.com,qcgameprivate.com,Xenforo,26770,545705,210213,Yes
qrz.com,forums.qrz.com,Xenforo,-1,-1,-1,Yes
quattroruote.it,forum.quattroruote.it,Xenforo,0,0,0,No
quattroruote.it,forumtest.quattroruote.it,Xenforo,-1,-1,-1,Yes
questionablequesting.com,questionablequesting.com,Xenforo,-1,-1,-1,Yes
watchuseek.com,watchuseek.com,Xenforo,-1,-1,-1,Yes
webrankinfo.com,forum.webrankinfo.com,Xenforo,-1,-1,-1,Yes
webrankinfo.com,webrankinfo.com,Xenforo,-1,-1,-1,Yes
websleuths.com,websleuths.com,Xenforo,0,0,0,No
webstatsdomain.org,webstatsdomain.org,Xenforo,-1,-1,-1,Yes
webstatsdomain.org,oneplus.net.webstatsdomain.org,Xenforo,-1,-1,-1,Yes
webstatsdomain.org,newsict.info.webstatsdomain.org,Xenforo,-1,-1,-1,Yes
werder.de,werder.de,Xenforo,-1,-1,-1,Yes
wettpoint.com,wettpoint.com,Xenforo,0,0,0,No
wilderssecurity.com,wilderssecurity.com,Xenforo,-1,-1,-1,Yes
windowsphoneinfo.com,windowsphoneinfo.com,Xenforo,-1,-1,-1,Yes
winhost.com,forum.winhost.com,Xenforo,-1,-1,-1,Yes
woodworkingtalk.com,woodworkingtalk.com,Xenforo,-1,-1,-1,Yes
worldcruiseacademy.co.id,forum.worldcruiseacademy.co.id,Xenforo,0,0,0,No
wpde.org,wpde.org,Xenforo,-1,-1,-1,Yes
wranglerforum.com,wranglerforum.com,Xenforo,-1,-1,-1,Yes
wrestlezone.com,forums.wrestlezone.com,Xenforo,-1,-1,-1,Yes
wrestlezone.com,cdn1-www-forums.wrestlezone.com,Xenforo,-1,-1,-1,Yes
wrestlingforum.com,wrestlingforum.com,Xenforo,-1,-1,-1,Yes
writingforums.org,writingforums.org,Xenforo,-1,-1,-1,Yes
wynncraft.com,forums.wynncraft.com,Xenforo,-1,-1,-1,Yes
xenforo.com,xenforo.com,Xenforo,-1,-1,-1,Yes
xnxx.com,forum.xnxx.com,Xenforo,-1,-1,-1,Yes
xnxx.com,forums.xnxx.com,Xenforo,0,0,0,No
xxbrits.com,forum.xxbrits.com,Xenforo,0,0,0,No
ybw.com,forums.ybw.com,Xenforo,0,0,0,No
yellowbullet.com,yellowbullet.com,Xenforo,-1,-1,-1,Yes
yoyogames.com,forum.yoyogames.com,Xenforo,25235,579640,88450,Yes
ablackweb.com,ablackweb.com,Xenforo,-1,-1,-1,Yes
adguard.com,forum.adguard.com,Xenforo,29993,205261,36043,Yes
admin-talk.com,admin-talk.com,Xenforo,-1,-1,-1,Yes
advrider.com,advrider.com,Xenforo,-1,-1,-1,Yes
aeldra.to,forum.aeldra.to,Xenforo,-1,-1,-1,Yes
affiliatefix.com,affiliatefix.com,Xenforo,0,0,0,No
afterdawn.com,forums.afterdawn.com,Xenforo,0,0,0,No
afterdawn.com,keskustelu.afterdawn.com,Xenforo,-1,-1,-1,Yes
aikareborn.com,aikareborn.com,Xenforo,-1,-1,-1,Yes
alexgyver.ru,community.alexgyver.ru,Xenforo,-1,-1,-1,Yes
alfabb.com,alfabb.com,Xenforo,-1,-1,-1,Yes
allfordmustangs.com,allfordmustangs.com,Xenforo,-1,-1,-1,Yes
allpar.com,allpar.com,Xenforo,-1,-1,-1,Yes
alrakoba.net,vb.alrakoba.net,Xenforo,-1,-1,-1,Yes
alwaysdata.net,worstgen.alwaysdata.net,Xenforo,7480,4212,32693,Yes
amateurphotographer.co.uk,amateurphotographer.co.uk,Xenforo,0,0,0,No
amateurphotographer.co.uk,forums-secure.amateurphotographer.co.uk,Xenforo,0,0,0,No
amateurphotographer.co.uk,forums.amateurphotographer.co.uk,Xenforo,0,0,0,No
amember.com,amember.com,Xenforo,-1,-1,-1,Yes
amperka.ru,forum.amperka.ru,Xenforo,-1,-1,-1,Yes
androidforums.com,androidforums.com,Xenforo,-1,-1,-1,Yes
anime-planet.com,anime-planet.com,Xenforo,0,0,0,No
animesuperhero.com,animesuperhero.com,Xenforo,-1,-1,-1,Yes
appyet.com,appyet.com,Xenforo,-1,-1,-1,Yes
appyet.com,forum.appyet.com,Xenforo,-1,-1,-1,Yes
aquariacentral.com,aquariacentral.com,Xenforo,120999,2913,275235,Yes
aquaticcommunity.com,aquariumforum.aquaticcommunity.com,Xenforo,0,0,0,No
arachnoboards.com,arachnoboards.com,Xenforo,86076,3003,258979,Yes
archerytalk.com,archerytalk.com,Xenforo,-1,-1,-1,Yes
archive.org,web.archive.org,Xenforo,-1,-1,-1,Yes
askandyaboutclothes.com,askandyaboutclothes.com,Xenforo,-1,-1,-1,Yes
astralinux.ru,forum.astralinux.ru,Xenforo,4,21,3,Yes
atozteacherstuff.com,forums.atozteacherstuff.com,Xenforo,-1,-1,-1,Yes
audi-club.ru,audi-club.ru,Xenforo,0,0,0,No
audi-sport.net,audi-sport.net,Xenforo,0,0,0,No
audiokarma.org,audiokarma.org,Xenforo,-1,-1,-1,Yes
audiosex.pro,audiosex.pro,Xenforo,-1,-1,-1,Yes
autodaily.vn,muaban.autodaily.vn,Xenforo,-1,-1,-1,Yes
autodaily.vn,forum.autodaily.vn,Xenforo,-1,-1,-1,Yes
autorepairmanuals.ws,autorepairmanuals.ws,Xenforo,0,0,0,No
aviaforum.ru,aviaforum.ru,Xenforo,-1,-1,-1,Yes
avsforum.com,avsforum.com,Xenforo,-1,-1,-1,Yes
e-cigarette-forum.com,e-cigarette-forum.com,Xenforo,274016,19717,706865,Yes
e46fanatics.com,e46fanatics.com,Xenforo,-1,-1,-1,Yes
easyexpat.com,easyexpat.com,Xenforo,0,0,0,No
edcforums.com,edcforums.com,Xenforo,-1,-1,-1,Yes
eddirasa.com,eddirasa.com,Xenforo,-1,-1,-1,Yes
eddirasa.com,forum.eddirasa.com,Xenforo,120480,185929,18247,Yes
edsupportforum.com,edsupportforum.com,Xenforo,-1,-1,-1,Yes
ehost.pl,kredyt-forumpl.finanse.ehost.pl,Xenforo,-1,-1,-1,Yes
electriciantalk.com,electriciantalk.com,Xenforo,-1,-1,-1,Yes
elitetrader.com,elitetrader.com,Xenforo,-1,-1,-1,Yes
elma365.com,exchange.elma365.com,Xenforo,-1,-1,-1,Yes
elma365.com,community.elma365.com,Xenforo,-1,-1,-1,Yes
elvenar.com,en.forum.elvenar.com,Xenforo,0,0,0,No
elvenar.com,cz.forum.elvenar.com,Xenforo,0,0,0,No
elvenar.com,br.forum.elvenar.com,Xenforo,0,0,0,No
elvenar.com,nl.forum.elvenar.com,Xenforo,0,0,0,No
elvenar.com,ru.forum.elvenar.com,Xenforo,0,0,0,No
elvenar.com,pl.forum.elvenar.com,Xenforo,0,0,0,No
elvenar.com,us.forum.elvenar.com,Xenforo,0,0,0,No
elvenar.com,hu.forum.elvenar.com,Xenforo,0,0,0,No
elvenar.com,fr.forum.elvenar.com,Xenforo,0,0,0,No
elvenar.com,it.forum.elvenar.com,Xenforo,0,0,0,No
elvenar.com,de.forum.elvenar.com,Xenforo,0,0,0,No
elvenar.com,es.forum.elvenar.com,Xenforo,0,0,0,No
elvenar.com,beta.forum.elvenar.com,Xenforo,0,0,0,No
elvenar.com,sk.forum.elvenar.com,Xenforo,0,0,0,No
elvenar.com,dk.forum.elvenar.com,Xenforo,0,0,0,No
elvenar.com,no.forum.elvenar.com,Xenforo,0,0,0,No
elvenar.com,ro.forum.elvenar.com,Xenforo,0,0,0,No
elvenar.com,se.forum.elvenar.com,Xenforo,0,0,0,No
escapistmagazine.com,forums.escapistmagazine.com,Xenforo,-1,-1,-1,Yes
etecsa.cu,srv173255-225181.vps.etecsa.cu,Xenforo,-1,-1,-1,Yes
everleap.com,forum.everleap.com,Xenforo,0,0,0,No
expatforum.com,expatforum.com,Xenforo,-1,-1,-1,Yes
expeditionportal.com,expeditionportal.com,Xenforo,-1,-1,-1,Yes
expeditionportal.com,forum.expeditionportal.com,Xenforo,214667,2800,179655,Yes
m5board.com,m5board.com,Xenforo,-1,-1,-1,Yes
macheforum.com,macheforum.com,Xenforo,-1,-1,-1,Yes
maiden-world.com,forum.maiden-world.com,Xenforo,5805,288434,3909,Yes
majorgeeks.com,forums.majorgeeks.com,Xenforo,-1,-1,-1,Yes
majorhifi.com,forums.majorhifi.com,Xenforo,99,32,24,Yes
mangahelpers.com,mangahelpers.com,Xenforo,112814,4973,74978,Yes
martview-forum.com,martview-forum.com,Xenforo,-1,-1,-1,Yes
mavericktruckclub.com,mavericktruckclub.com,Xenforo,-1,-1,-1,Yes
maze-host.ru,forum.wh277.web1.maze-host.ru,Xenforo,0,0,0,No
maze-host.ru,forum.wh555.web1.maze-host.ru,Xenforo,1,1,1,Yes
maze-host.ru,forum.wh1635.web2.maze-host.ru,Xenforo,0,0,0,No
maze-host.ru,forum.wh1713.web1.maze-host.ru,Xenforo,0,0,0,No
maze-host.ru,forum.wh1841.web1.maze-host.ru,Xenforo,0,0,0,No
maze-host.ru,forum.wh1777.web1.maze-host.ru,Xenforo,0,0,0,No
maze-host.ru,forum.wh1668.web2.maze-host.ru,Xenforo,0,0,0,No
maze-host.ru,forum.wh1790.web1.maze-host.ru,Xenforo,0,0,0,No
maze-host.ru,forum.wh2273.web1.maze-host.ru,Xenforo,0,0,0,No
maze-host.ru,wh2165.web1.maze-host.ru,Xenforo,0,0,0,No
maze-host.ru,forum.wh5022.web3.maze-host.ru,Xenforo,0,0,0,No
maze-host.ru,forum.wh5006.web3.maze-host.ru,Xenforo,0,0,0,No
maze-host.ru,forum.wh4979.web3.maze-host.ru,Xenforo,0,0,0,No
maze-host.ru,forum.wh5024.web3.maze-host.ru,Xenforo,0,0,0,No
maze-host.ru,forum.wh4941.web3.maze-host.ru,Xenforo,0,0,0,No
maze-host.ru,forum.wh5407.web2.maze-host.ru,Xenforo,0,0,0,No
maze-host.ru,forum.wh5417.web2.maze-host.ru,Xenforo,0,0,0,No
maze-host.ru,forum.wh5220.web3.maze-host.ru,Xenforo,0,0,0,No
maze-host.ru,forum.wh4937.web3.maze-host.ru,Xenforo,0,0,0,No
maze-host.ru,forum.wh5162.web3.maze-host.ru,Xenforo,0,0,0,No
maze-host.ru,forum.wh5341.web3.maze-host.ru,Xenforo,0,0,0,No
maze-host.ru,forum.wh5431.web2.maze-host.ru,Xenforo,0,0,0,No
maze-host.ru,forum.wh5275.web3.maze-host.ru,Xenforo,0,0,0,No
maze-host.ru,forum.wh3908.web3.maze-host.ru,Xenforo,0,0,0,No
maze-host.ru,forum.wh5386.web2.maze-host.ru,Xenforo,0,0,0,No
maze-host.ru,forum.wh5309.web3.maze-host.ru,Xenforo,0,0,0,No
maze-host.ru,forum.wh5226.web3.maze-host.ru,Xenforo,0,0,0,No
maze-host.ru,forum.wh5482.web2.maze-host.ru,Xenforo,0,0,0,No
maze-host.ru,forum.wh5477.web2.maze-host.ru,Xenforo,0,0,0,No
maze-host.ru,forum.wh5217.web3.maze-host.ru,Xenforo,0,0,0,No
maze-host.ru,forum.wh5443.web2.maze-host.ru,Xenforo,0,0,0,No
maze-host.ru,forum.wh5366.web2.maze-host.ru,Xenforo,0,0,0,No
maze-host.ru,forum.wh5422.web2.maze-host.ru,Xenforo,0,0,0,No
maze-host.ru,forum.wh5461.web2.maze-host.ru,Xenforo,0,0,0,No
maze-host.ru,forum.wh5655.web2.maze-host.ru,Xenforo,0,0,0,No
maze-host.ru,forum.wh5722.web3.maze-host.ru,Xenforo,0,0,0,No
maze-host.ru,forum.wh5605.web2.maze-host.ru,Xenforo,-1,-1,-1,Yes
maze-host.ru,forum.wh4278.web2.maze-host.ru,Xenforo,0,0,0,No
maze-host.ru,forum.wh5852.web3.maze-host.ru,Xenforo,0,0,0,No
maze-host.ru,forum.wh5916.web3.maze-host.ru,Xenforo,18,7,3,Yes
maze-host.ru,forum.wh4394.web2.maze-host.ru,Xenforo,22,23,20,Yes
maze-host.ru,forum.wh5876.web3.maze-host.ru,Xenforo,0,0,0,No
maze-host.ru,forum.wh5678.web2.maze-host.ru,Xenforo,0,0,0,No
maze-host.ru,forum.wh5513.web2.maze-host.ru,Xenforo,0,0,0,No
maze-host.ru,forum.wh5785.web3.maze-host.ru,Xenforo,0,0,0,No
maze-host.ru,forum.wh5770.web3.maze-host.ru,Xenforo,0,0,0,No
maze-host.ru,forum.wh5860.web3.maze-host.ru,Xenforo,0,0,0,No
maze-host.ru,forum.wh6312.web3.maze-host.ru,Xenforo,-1,-1,-1,Yes
maze-host.ru,forum.wh6533.web1.maze-host.ru,Xenforo,0,0,0,No
maze-host.ru,forum.wh6379.web1.maze-host.ru,Xenforo,0,0,0,No
maze-host.ru,forum.wh6191.web2.maze-host.ru,Xenforo,0,0,0,No
maze-host.ru,forum.wh6116.web2.maze-host.ru,Xenforo,0,0,0,No
maze-host.ru,forum.wh2166.web2.maze-host.ru,Xenforo,1,0,0,Yes
maze-host.ru,forum.wh5769.web3.maze-host.ru,Xenforo,0,0,0,No
maze-host.ru,forum.wh6114.web2.maze-host.ru,Xenforo,0,0,0,No
maze-host.ru,forum.wh6321.web3.maze-host.ru,Xenforo,2,0,0,Yes
maze-host.ru,forum.wh6242.web3.maze-host.ru,Xenforo,-1,-1,-1,Yes
maze-host.ru,forum.wh6399.web1.maze-host.ru,Xenforo,0,0,0,No
maze-host.ru,forum.wh6416.web1.maze-host.ru,Xenforo,4,13,13,Yes
maze-host.ru,forum.wh6411.web1.maze-host.ru,Xenforo,0,0,0,No
maze-host.ru,forum.wh6454.web1.maze-host.ru,Xenforo,0,0,0,No
maze-host.ru,forum.wh5986.web2.maze-host.ru,Xenforo,-1,-1,-1,Yes
maze-host.ru,forum.wh6227.web2.maze-host.ru,Xenforo,-1,-1,-1,Yes
maze-host.ru,forum.wh6438.web1.maze-host.ru,Xenforo,0,0,0,No
maze-host.ru,forum.wh6305.web3.maze-host.ru,Xenforo,9,81,81,Yes
maze-host.ru,forum.wh6559.web1.maze-host.ru,Xenforo,-1,-1,-1,Yes
maze-host.ru,forum.wh6508.web1.maze-host.ru,Xenforo,-1,-1,-1,Yes
maze-host.ru,forum.wh6351.web3.maze-host.ru,Xenforo,0,0,0,No
maze-host.ru,forum.wh6451.web1.maze-host.ru,Xenforo,-1,-1,-1,Yes
maze-host.ru,forum.wh4895.web3.maze-host.ru,Xenforo,3,14,4,Yes
mccentral.org,mccentral.org,Xenforo,-1,-1,-1,Yes
menstennisforums.com,menstennisforums.com,Xenforo,-1,-1,-1,Yes
mifirm.net,c.mifirm.net,Xenforo,519,7731,666,Yes
minecraft-server.eu,minecraft-server.eu,Xenforo,0,0,0,No
mineplex.com,mineplex.com,Xenforo,-1,-1,-1,Yes
mini2.com,mini2.com,Xenforo,-1,-1,-1,Yes
minisforum.com,bbs.minisforum.com,Xenforo,14949,10049,1669,Yes
misa.vn,forum.misa.vn,Xenforo,26468,51390,13977,Yes
momtastic.com,babyandbump.momtastic.com,Xenforo,-1,-1,-1,Yes
momtastic.com,pregnancyforum.momtastic.com,Xenforo,-1,-1,-1,Yes
momtastic.com,cdn1-www-babyandbump.momtastic.com,Xenforo,-1,-1,-1,Yes
monsterfishkeepers.com,monsterfishkeepers.com,Xenforo,144878,8195,681216,Yes
mothering.com,mothering.com,Xenforo,-1,-1,-1,Yes
motorcycle.com,community.motorcycle.com,Xenforo,-1,-1,-1,Yes
msi.com,forum-tc.msi.com,Xenforo,-1,384141,54924,Yes
msi.com,forum-es.msi.com,Xenforo,-1,3029,2238,Yes
msi.com,forum-en.msi.com,Xenforo,-1,1692,257748,Yes
mtbr.com,mtbr.com,Xenforo,-1,-1,-1,Yes
muppetcentral.com,muppetcentral.com,Xenforo,-1,-1,-1,Yes
mydigitallife.net,forums.mydigitallife.net,Xenforo,-1,-1,-1,Yes
13x.com,forums.13x.com,Xenforo,-1,-1,-1,Yes
13x.com,vault.13x.com,Xenforo,0,0,0,No
13x.com,forums2.13x.com,Xenforo,0,0,0,No
13x.com,forums3.13x.com,Xenforo,0,0,0,No
1911addicts.com,1911addicts.com,Xenforo,-1,-1,-1,Yes
1erforum.de,1erforum.de,Xenforo,-1,-1,-1,Yes
2coolfishing.com,2coolfishing.com,Xenforo,-1,-1,-1,Yes
4share.vn,diendan.4share.vn,Xenforo,0,0,0,No
4share.vn,forum.4share.vn,Xenforo,-1,-1,-1,Yes
babybmw.net,babybmw.net,Xenforo,-1,-1,-1,Yes
badlandgame.com,forum.badlandgame.com,Xenforo,-1,-1,-1,Yes
badmintoncentral.com,badmintoncentral.com,Xenforo,0,0,0,No
baptistboard.com,baptistboard.com,Xenforo,0,0,0,No
barmyarmy.com,forum.barmyarmy.com,Xenforo,-1,-1,-1,Yes
barmyarmy.com,cdn-ba-forum.barmyarmy.com,Xenforo,-1,-1,-1,Yes
basset.net,basset.net,Xenforo,-1,-1,-1,Yes
battlepro.com,battlepro.com,Xenforo,-1,-1,-1,Yes
bauexpertenforum.de,bauexpertenforum.de,Xenforo,-1,-1,-1,Yes
bcaquaria.com,bcaquaria.com,Xenforo,-1,-1,-1,Yes
bilgisayarbilisim.net,bilgisayarbilisim.net,Xenforo,0,0,0,No
bimmerforums.co.uk,bimmerforums.co.uk,Xenforo,-1,-1,-1,Yes
bitbuilt.net,bitbuilt.net,Xenforo,12610,52027,4944,Yes
bitforum.pro,bitforum.pro,Xenforo,-1,-1,-1,Yes
biwenger.com,foro.biwenger.com,Xenforo,-1,-1,-1,Yes
blog-rct.com,forum.blog-rct.com,Xenforo,0,0,0,No
blue-creature.com,forum.blue-creature.com,Xenforo,1,1,1,Yes
bonsainut.com,bonsainut.com,Xenforo,0,0,0,No
boredofstudies.org,boredofstudies.org,Xenforo,589730,6041,289591,Yes
brawl.com,brawl.com,Xenforo,-1,-1,-1,Yes
bricozone.be,bricozone.be,Xenforo,0,0,0,No
brothers-of-usenet.net,brothers-of-usenet.net,Xenforo,36,995,663,Yes
bunnyranch.com,bunnyranch.com,Xenforo,0,0,0,No
businessclass.com,businessclass.com,Xenforo,-1,-1,-1,Yes
can-amforum.com,can-amforum.com,Xenforo,-1,-1,-1,Yes
cast-soft.com,forum.cast-soft.com,Xenforo,0,0,0,No
cast-soft.com,forums.cast-soft.com,Xenforo,0,0,0,No
catfish1.com,catfish1.com,Xenforo,-1,-1,-1,Yes
cc.nf,blog.doguoweb.cc.nf,Xenforo,0,0,0,No
celebboard.net,celebboard.net,Xenforo,80,4,856,Yes
celebrityparadise.org,celebrityparadise.org,Xenforo,-1,-1,-1,Yes
challengerforumz.com,challengerforumz.com,Xenforo,-1,-1,-1,Yes
chargerforums.com,chargerforums.com,Xenforo,-1,-1,-1,Yes
chargerforumz.com,chargerforumz.com,Xenforo,-1,-1,-1,Yes
cheatevolution.com,cheatevolution.com,Xenforo,-1,-1,-1,Yes
chevybolt.org,chevybolt.org,Xenforo,-1,-1,-1,Yes
chevymalibuforum.com,chevymalibuforum.com,Xenforo,-1,-1,-1,Yes
chogo.vn,chogo.vn,Xenforo,-1,-1,-1,Yes
christianityboard.com,christianityboard.com,Xenforo,20602,1445,50319,Yes
chryslerminivan.net,chryslerminivan.net,Xenforo,-1,-1,-1,Yes
chuanmen.edu.vn,chuanmen.edu.vn,Xenforo,-1,-1,-1,Yes
cichlid-forum.com,cichlid-forum.com,Xenforo,-1,-1,-1,Yes
civicxi.com,civicxi.com,Xenforo,-1,-1,-1,Yes
civinfo.com,civinfo.com,Xenforo,-1,-1,-1,Yes
classicparts.com,talk.classicparts.com,Xenforo,-1,-1,-1,Yes
clbmarketing.com,clbmarketing.com,Xenforo,-1,-1,-1,Yes
cleanmpg.com,cleanmpg.com,Xenforo,0,0,0,No
click49.net,click49.net,Xenforo,-1,-1,-1,Yes
clubrsx.com,clubrsx.com,Xenforo,-1,-1,-1,Yes
clubtouareg.com,clubtouareg.com,Xenforo,-1,-1,-1,Yes
clubwrx.net,clubwrx.net,Xenforo,-1,-1,-1,Yes
coffeeforums.co.uk,coffeeforums.co.uk,Xenforo,-1,-1,-1,Yes
coldnetwork.net,coldnetwork.net,Xenforo,-1,-1,-1,Yes
coltforum.com,coltforum.com,Xenforo,-1,-1,-1,Yes
commando.com.ua,forum.commando.com.ua,Xenforo,-1,-1,-1,Yes
contactsenators.com,forum.contactsenators.com,Xenforo,313,269,134,Yes
corvusbelli.com,forum.corvusbelli.com,Xenforo,0,0,0,No
crestbook.com,kasparovchess.crestbook.com,Xenforo,-1,-1,-1,Yes
crystalfontz.com,forum.crystalfontz.com,Xenforo,10599,25364,5798,Yes
cyberleaks.su,cyberleaks.su,Xenforo,-1,-1,-1,Yes
cypherdarkwebdrugstore.com,cypherdarkwebdrugstore.com,Xenforo,-1,-1,-1,Yes
k20a.org,k20a.org,Xenforo,-1,-1,-1,Yes
kaniv.info,kaniv.info,Xenforo,0,0,0,No
kawasakimotorcycle.org,kawasakimotorcycle.org,Xenforo,-1,-1,-1,Yes
kawasakiversys.com,kawasakiversys.com,Xenforo,-1,-1,-1,Yes
kboards.com,kboards.com,Xenforo,-1,-1,-1,Yes
kenhrao.com,kenhrao.com,Xenforo,20448,371284,329959,Yes
kenyatalk.com,kenyatalk.com,Xenforo,57784,3852,215660,Yes
ketoforum.de,ketoforum.de,Xenforo,10,995,29,Yes
ketqua188.com,forum.ketqua188.com,Xenforo,15,102,72,Yes
kh-vids.net,kh-vids.net,Xenforo,-1,-1,-1,Yes
kia-forums.com,kia-forums.com,Xenforo,-1,-1,-1,Yes
kiaevforums.com,kiaevforums.com,Xenforo,-1,-1,-1,Yes
kiaownersclub.co.uk,kiaownersclub.co.uk,Xenforo,-1,-1,-1,Yes
kiasoulforums.com,kiasoulforums.com,Xenforo,-1,-1,-1,Yes
kingdomsatwar.com,forum.kingdomsatwar.com,Xenforo,-1,-1,-1,Yes
kingdomsofheckfire.com,forums.kingdomsofheckfire.com,Xenforo,-1,-1,-1,Yes
knittingparadise.com,knittingparadise.com,Xenforo,-1,-1,-1,Yes
nakedtiktok18.com,forum.nakedtiktok18.com,Xenforo,14478,25740,10282,Yes
naxja.org,dev3.naxja.org,Xenforo,76660,3919,321244,Yes
naxja.org,dev1.naxja.org,Xenforo,76660,3919,321244,Yes
